review_id,Ulasan,model_text,gold_kelas_asli,gold_subclass,kelas_terdeteksi_asli,subclass_terdeteksi
PAKAR-0001,aplikasi yang sangat membantu dalam hal pengaduan maupun tentang info tentang kelistrikan,aplikasi sangat membantu pengaduan maupun info kelistrikan,KLASIFIKASI UMUM,3A,[],[]
PAKAR-0004,memudahkan segala pelayanan kelistrikan. pln keren! semoga mempertahankan dan semakin meningkat kualitas pelayanan dari pln mobile terima kasih,memudahkan segala pelayanan kelistrikan pln keren semoga mempertahankan semakin meningkat kualitas pelayanan pln mobile terima kasih,KLASIFIKASI UMUM,3A,[],[]
PAKAR-0006,semoga memudahkan saya untuk mengetahui sisa token dan jika ada keluhan kepada pln,semoga memudahkan mengetahui sisa token keluhan pln,KLASIFIKASI FEATURE DESIGN,4F,['Feature Error'],['2B']
PAKAR-0007,"benar benar sangat buruk layanan pln. sudah menunggu jam lebih katanya karena ada perbaikan, masa hanya habis token tidak bisa mengisi lg. sedangkan lampu lainnya hidup, maintenance darimana nya kecewa. token beli teruss, tp, layanan putus . parah.",benar benar sangat buruk layanan pln menunggu jam lebih katanya perbaikan masa habis token tidak bisa mengisi lagi lampu lainnya hidup maintenance darimana kecewa token beli teruss tapi layanan putus parah,KLASIFIKASI SERVICE 020,1A,['Feature Error'],['2B']
PAKAR-0008,sangat memudahkan sekali untuk bertransaksi,sangat memudahkan sekali bertransaksi,KLASIFIKASI FEATURE DESIGN,4A,[],[]
PAKAR-0009,"tidak ada otak aturan kelen, mau beli token aja di persulit. apalagi ngemis, aduh tidak tau lah saya ngomongnya.",tidak otak aturan kelen mau beli token persulit ngemis aduh tidak tau ngomongnya,KLASIFIKASI FEATURE DESIGN,4A,['Feature Error'],['2B']
PAKAR-0010,"cepat tanggap, pelayanan baik",cepat tanggap pelayanan baik,KLASIFIKASI SERVICE 020,1A,[],[]
PAKAR-0011,"good job, cepat banget datangnya setelah pengaduan",good job cepat banget datangnya pengaduan,KLASIFIKASI SERVICE 020,1E,[],[]
PAKAR-0012,pendaftaran dan pelayanan yang simpel membuat pelanggan puas,pendaftaran pelayanan simpel membuat pelanggan puas,KLASIFIKASI REGISTRATION,5B,[],[]
PAKAR-0013,"terima kasih pak petugas pln.penanganya luar biasa, cepat respon dan penganan cepat di selesaikan, nyala lagi dah.mks",terima kasih pak petugas pln penanganya luar biasa cepat respon penganan cepat selesaikan nyala dah mks,KLASIFIKASI SERVICE 020,1E,['Service O2O'],['1A']
PAKAR-0014,semoga dengan aplikasi pln mobile dapat harga token listrik yang lebih murah dan terbaik,semoga aplikasi pln mobile harga token listrik lebih murah terbaik,KLASIFIKASI UMUM,3B,['Feature Error'],"['2B', '2C']"
PAKAR-0015,"percuma ada wadah pengaduan , saya dapat kecurangan pembayaran yang jelas kata pln salah petugas pencatatnya, justru tetap suruh bayar dengan kerugian . ribuan. tolong dong ditindak petugasnya , bukan konsumennya yang dirugikan",percuma wadah pengaduan kecurangan pembayaran jelas kata pln salah petugas pencatatnya justru tetap suruh bayar kerugian ribuan ditindak petugasnya bukan konsumennya dirugikan,KLASIFIKASI SERVICE 020,1D,"['Feature Error', 'Service O2O']","['1A', '2B']"
PAKAR-0016,"saya niat membantu dengan lapor mandiri lewat pln mobiel,tpi saya justru kejebak tagihan jdi membengkak kali lipat,alasan pln karna saya tidak mengedit angka kwh,mana saya ngerti seperti itu,saya cuma foto secara utuh terus kirim,",niat membantu lapor mandiri lewat pln mobiel tapi justru kejebak tagihan jdi membengkak kali lipat alasan pln karna tidak mengedit angka kwh mana ngerti cuma foto utuh terus kirim,KLASIFIKASI FEATURE DESIGN,4I,[],[]
PAKAR-0017,"mau bayar pakai ovo susah sekali mau masukan nomor hp tidak bisa, menu cs juga tidak ada",mau bayar pakai ovo susah sekali mau masukan nomor hp tidak bisa menu cs tidak,KLASIFIKASI FEATURE ERROR,2C,['Registration'],['5E']
PAKAR-0018,"fiturnya tambah banyak, semakin lengkap aje. mantap.",fiturnya tambah banyak semakin lengkap aje mantap,KLASIFIKASI UMUM,3A,[],[]
PAKAR-0019,"upgrade akun ditolak, padahal itu data pribadi, pln ohh pln.",upgrade akun ditolak padahal data pribadi pln ohh pln,KLASIFIKASI REGISTRATION,5F,"['Registration', 'Umum']","['3C', '5D']"
PAKAR-0020,aplikasinya sangat membatu sekali buat kami terutama dalam proses pengaduan terkuat gangguan,aplikasinya sangat membatu sekali buat terutama proses pengaduan terkuat gangguan,KLASIFIKASI FEATURE DESIGN,4D,[],[]
PAKAR-0021,"aplikasi yang sangat membantu sekali buat pelanggan setia pln, sangat mudah digunakan dan pelayanannya sangat baik terutama team yang ada di lapangan. sukses selalu buat pln mobile semoga kedepannya tambah baik lagi dalam segi pelayanan, good job pln",aplikasi sangat membantu sekali buat pelanggan setia pln sangat mudah digunakan pelayanannya sangat baik terutama team lapangan sukses selalu buat pln mobile semoga kedepannya tambah baik segi pelayanan good job pln,KLASIFIKASI SERVICE 020,1A,[],[]
PAKAR-0023,tambah mudah sangat user friendly dan sangat tanggap dalam menanggapi keluhan pelanggan.,tambah mudah sangat user friendly sangat tanggap menanggapi keluhan pelanggan,KLASIFIKASI FEATURE DESIGN,4E,['Service O2O'],['1B']
PAKAR-0024,aplikasi yang sangat memudahkan untuk transaksi token dan fiturenya lumayan lengkap. serta sangat rekomendasi untuk orang yang tidak mau rumit,aplikasi sangat memudahkan transaksi token fiturenya lumayan lengkap sangat rekomendasi orang tidak mau rumit,KLASIFIKASI FEATURE DESIGN,4A,['Feature Error'],['2B']
PAKAR-0025,untuk nomor ct sekarang main lama proses nya,nomor ct sekarang main lama proses,KLASIFIKASI SERVICE 020,1B,[],[]
PAKAR-0026,"aplikasi ini juga memudahkan kita dalam memperoleh informasi seputar pemasangan daya, penambahan daya, pemadaman hingga pengaduan disaat terjadi troble. di samping itu, aplikasi ini membuat kita lebih efesiensi waktu karena tidak pelu datang ke kantor.",aplikasi memudahkan memperoleh informasi seputar pemasangan daya penambahan daya pemadaman pengaduan disaat terjadi troble samping aplikasi membuat lebih efesiensi waktu tidak pelu datang kantor,KLASIFIKASI UMUM,3A,['Service O2O'],"['1A', '1C']"
PAKAR-0027,da digit diminta saat kita cek tagihan digit bagaimana solusi?,da digit diminta cek tagihan digit bagaimana solusi,KLASIFIKASI FEATURE ERROR,2C,[],[]
PAKAR-0028,makasi banget buat aplikasi pln yang tdi listrik saya mati jadi ngalah lagi pokoknya aplikasi ini praktis dan pelayanan nya bgs,makasi banget buat aplikasi pln tdi listrik mati ngalah pokoknya aplikasi praktis pelayanan bgs,KLASIFIKASI SERVICE 020,1E,[],[]
PAKAR-0029,terima kasih pln untuk pelayanan yang cepat dan solutif,terima kasih pln pelayanan cepat solutif,KLASIFIKASI SERVICE 020,1E,[],[]
PAKAR-0030,"verifikasi nomer telepon susah, gagal terus tolong dipermudah",verifikasi nomer telepon susah gagal terus dipermudah,KLASIFIKASI REGISTRATION,5C,['Registration'],['5D']
PAKAR-0031,sangat membantu dan mudah menggunakan nya dalam setiap layanannya dan perlu di tambah lokasi spklu nya,sangat membantu mudah menggunakan layanannya perlu tambah lokasi spklu,KLASIFIKASI FEATURE DESIGN,4Q,['Feature Error'],['2E']
PAKAR-0032,tiket iconnet reqfqw l udah hari tidak ada teknisi yang datang. internet los tapi tidak dipeduliin sama pihak iconet. udah terus an chat live tetep aja tidak peduli. pikir lagi buat yang mau pasang iconet. iconnet sepertinya bwlum punya teknisi perbaikan.,tiket iconnet reqfqw udah hari tidak teknisi datang internet los tidak dipeduliin sama pihak iconnet udah terus an chat live tetep tidak peduli pikir buat mau pasang iconnet iconnet sepertinya bwlum punya teknisi perbaikan,KLASIFIKASI ICONNET,6B,"['Feature Design', 'ICONNET']","['4P', '6A']"
PAKAR-0033,lebih mudah melaporkan gangguan dan tanpa antri,lebih mudah melaporkan gangguan antri,KLASIFIKASI FEATURE DESIGN,4D,[],[]
PAKAR-0034,terkait keluhan saya tentang lonjakan tagihan sudah selesai ditangani dan sudah diberikan win solutionnya oleh pln. terima kasih,terkait keluhan lonjakan tagihan selesai ditangani diberikan win solutionnya pln terima kasih,KLASIFIKASI SERVICE 020,1I,[],[]
PAKAR-0035,"kemudahan saat pembelian token habis, membuat konsumen puas",kemudahan pembelian token habis membuat konsumen puas,KLASIFIKASI FEATURE DESIGN,4A,['Feature Error'],['2B']
PAKAR-0036,"alhamdulillah tidak sampai menit beres pengajuan penbahan daya dari ke , kwh. jaya selalu pln.",alhamdulillah tidak menit beres pengajuan penahan daya kwh jaya selalu pln,KLASIFIKASI SERVICE 020,1C,[],[]
PAKAR-0037,melapor keluhan jadi lebih mudah,melapor keluhan lebih mudah,KLASIFIKASI FEATURE DESIGN,4D,[],[]
PAKAR-0039,"suka mati listrik bulan bisa kali dan pln dari dulu tidak berkembang menuju era digital harus nya pelanggan beli token itu bisa dimasukkan tanpa harus ketik nomor angka ke kwh meter tapi bisa dimasukkan lewat online atau lewat aplikasi pln mobile dunia sudah berkembang banyak orang yang keluar rumah sampai beberapa minggu dan bulan lalu token nya habis, sampai kwh meter nya ngelock dari pln nya dan harus buka datang ke kantor pln dan dikenakan biaya, jadi sperti tidak ada manfaat nya aplikasi",suka mati listrik bulan bisa kali pln dulu tidak berkembang menuju era digital pelanggan beli token bisa dimasukkan ketik nomor angka kwh meter bisa dimasukkan lewat online lewat aplikasi pln mobile dunia berkembang banyak orang keluar rumah beberapa minggu bulan token habis kwh meter ngelock pln buka datang kantor pln dikenakan biaya sperti tidak manfaat aplikasi,KLASIFIKASI FEATURE DESIGN,4K,"['Feature Error', 'Service O2O']","['1A', '2B', '2C']"
PAKAR-0040,"teknisi wifi nya lama ! udah seminggu wifi saya mati sudah lapor tetep aja tidak dateng ! tolong bagian lapangannya di edukasi lagi atau di tambahin lagi biar keluhan cepet ditanganin, bayar tidak pernah telat tapi wifi tidak bisa di pake! siapa orang tidak emosi hei",teknisi wifi lama udah seminggu wifi mati lapor tetep tidak dateng bagian lapangannya edukasi tambahin biar keluhan cepet ditanganin bayar tidak pernah telat wifi tidak bisa pakai siapa orang tidak emosi hei,KLASIFIKASI ICONNET,6B,[],[]
PAKAR-0041,"layanan buat pengendara mobile listriknya keren banget, lengkap! liburan kemarin pakai fitur trip planner bikin tidak pusing lagi nyari spklu sepanjang rute trip",layanan buat pengendara mobile listriknya keren banget lengkap liburan kemarin pakai fitur trip planner bikin tidak pusing nyari spklu sepanjang rute trip,KLASIFIKASI FEATURE DESIGN,4Q,['Feature Error'],['2E']
PAKAR-0043,lebih hemat praktis daripada lapor ke pln pakai telepon,lebih hemat praktis lapor pln pakai telepon,KLASIFIKASI FEATURE DESIGN,4D,[],[]
PAKAR-0044,aplikasi ini sangat membantu untuk mengkur penggunaan listrik di rumah saya,aplikasi sangat membantu mengkur penggunaan listrik rumah,KLASIFIKASI FEATURE DESIGN,4F,[],[]
PAKAR-0045,sangat membantu menghandle berbagai kebutuhan terkait kelistrikan ditambah fitur e commerxe dengan berbagai pilihan belanja semua layanan dalan genggaman,sangat membantu menghandle berbagai kebutuhan terkait kelistrikan ditambah fitur commerce berbagai pilihan belanja semua layanan dalan genggaman,KLASIFIKASI UMUM,3D,[],[]
PAKAR-0046,"semangat tim developer, buat pln mobilr jadi lebih bermanfaat",semangat tim developer buat pln mobilr lebih bermanfaat,KLASIFIKASI UMUM,3A,[],[]
PAKAR-0047,"dengan pln mobile, pasang baru, tambah daya, lapor gangguan, beli token semua layanan kelistrikan semua makin mudah",pln mobile pasang baru tambah daya lapor gangguan beli token semua layanan kelistrikan semua makin mudah,KLASIFIKASI UMUM,3A,"['Feature Error', 'Service O2O']","['1A', '1C', '2B']"
PAKAR-0048,alhamdulillah pengurusan pergantian meteran proses cepat.,alhamdulillah pengurusan pergantian meteran proses cepat,KLASIFIKASI SERVICE 020,1C,[],[]
PAKAR-0049,"lapor gangguan, keluhan dan monitor pemakaian sekarang lebih mudah, aplikasi keren",lapor gangguan keluhan monitor pemakaian sekarang lebih mudah aplikasi keren,KLASIFIKASI FEATURE DESIGN,4D,['Service O2O'],['1A']
PAKAR-0050,"pln mobile memudahkan pelanggan dalam proses pelaporan gangguan, proses pb pada pembelian token. terbaik",pln mobile memudahkan pelanggan proses pelaporan gangguan proses pb pembelian token terbaik,KLASIFIKASI UMUM,3A,"['Feature Error', 'Service O2O']","['1C', '2B']"
PAKAR-0051,"makin gampang penggunaan fiturnya, mau cari tempat spklu juga gampang. tingkatkan terus layanan pln ya",makin gampang penggunaan fiturnya mau cari tempat spklu gampang tingkatkan terus layanan pln,KLASIFIKASI FEATURE DESIGN,4Q,['Feature Error'],['2E']
PAKAR-0053,enaknya tinggal dikota megah dan terang.tapi kami diplosok menderita ditemani pelita.khusus sumba barat daya cuman kami yang belum dapat nikmatnya terang energi.khusus di desa karuni rt rw . begitulah banyak orang pintar tanpa memikirkan kami di plosok yang gelap.,enaknya tinggal dikota megah terang diplosok menderita ditemani pelita khusus sumba barat daya cuman belum nikmatnya terang energi khusus desa karuni rt rw begitulah banyak orang pintar memikirkan plosok gelap,KLASIFIKASI UMUM,3F,[],[]
PAKAR-0054,"m r gading sari, kabupaten kampar, riau. tolong di perhatikan kabel dan tiang listrik tidak sesuai dengan standar nasional indonesia. kemarin petugas pln turun ke lapangan tetapi hasil yang di dapat warga sangat mengecewakan, petugas pln menyuruh warga untuk membuat tiang dari bambu. saya tambahin bintang nya,saya akan kasih bintang saat permintaan masyarakat terealisasi.trimakasih",gading sari kabupaten kampar riau perhatikan kabel tiang listrik tidak sesuai standar nasional indonesia kemarin petugas pln turun lapangan hasil warga sangat mengecewakan petugas pln menyuruh warga membuat tiang bambu tambahin bintang kasih bintang permintaan masyarakat terealisasi terima kasih,KLASIFIKASI SERVICE 020,1F,['Service O2O'],['1A']
PAKAR-0055,"aplikasi goblog ra iso dibukak layar putih tok raiso mlbu aplikasi,",aplikasi goblog ra iso dibukak layar putih tok raiso mlb aplikasi,KLASIFIKASI FEATURE ERROR,2A,[],[]
PAKAR-0056,terimaksih pln dan petugas cc up ternate sigap dan cepat untuk membantu,terimaksih pln petugas cc up ternate sigap cepat membantu,KLASIFIKASI SERVICE 020,1I,['Service O2O'],['1A']
PAKAR-0058,"laporan di aplikasi dari hbs maghrib, udah bikin tiket laporan, nunggu smpe jam masih aja mati, pas di followup ke cs live chat yang di aplikasi yang namanya fadhillah, justru responnya di wilayah saya tidak ada gangguan, ya kali saya lapor kalau tidak ada gangguan, mana ditanya terus tentang data nya, pdhl sebelumnya udah infokan alamt atau titik lokasi detailnya, di tiket yang dibuat juga sudah ada laporan jelasnya. bisa nya dibilang tidak ada gangguan ,artinya laporan dari pelanggan tidak ada tanggapan",laporan aplikasi hbs maghrib udah bikin tiket laporan nunggu smpe jam mati pas followup cs live chat aplikasi namanya fadhillah justru responnya wilayah tidak gangguan kali lapor tidak gangguan mana ditanya terus data pdhl sebelumnya udah infokan alamt titik lokasi detailnya tiket dibuat laporan jelasnya bisa dibilang tidak gangguan artinya laporan pelanggan tidak tanggapan,KLASIFIKASI SERVICE 020,1H,['Feature Design'],['4G']
PAKAR-0059,"sangat membatu mengurangi anak meteran dari pekerja pln, menambah anak meteran jadinya pembayaran yang seharusnya . ribu menjadi . ribu",sangat membatu mengurangi anak meteran pekerja pln menambah anak meteran jadinya pembayaran ribu menjadi ribu,KLASIFIKASI SERVICE 020,1D,['Feature Error'],['2B']
PAKAR-0062,pln mobile sangat membantu dalam proses pbpd,pln mobile sangat membantu proses pbpd,KLASIFIKASI FEATURE DESIGN,4B,[],[]
PAKAR-0063,harusnya kalau yang daya sudah ditiadakan ya tidak usah dipasang lagi difitur pemasangan baru. mana daftar pra bayar lah jadinya kok prabayar,harusnya daya ditiadakan tidak usah dipasang difitur pemasangan baru mana daftar prabayar jadinya prabayar,KLASIFIKASI FEATURE DESIGN,4B,['Service O2O'],"['1C', '1D']"
PAKAR-0064,"pelayanan sat set jam setelah ada pengaduan, teknisi datang dan masalah listrik terselesaikan",pelayanan sat set jam pengaduan teknisi datang masalah listrik terselesaikan,KLASIFIKASI SERVICE 020,1E,[],[]
PAKAR-0065,"sebetulnya sangat membantu, cuma kadang ketika kita melakukan pencatatan meter jaringan selalu sibuk. apakah memang selalu begitu tiap saat kita melakukan pencatatan meter?",sangat membantu cuma kadang melakukan pencatatan meter jaringan selalu sibuk memang selalu tiap melakukan pencatatan meter,KLASIFIKASI FEATURE ERROR,2H,[],[]
PAKAR-0066,pengaduan mulai jam smpek jam tidak di respon telfon ke baru omong detik pulsa rb udah habis mnjengekelkan,pengaduan mulai jam smpek jam tidak respon telfon baru omong detik pulsa rb udah habis mnjengekelkan,KLASIFIKASI SERVICE 020,1A,[],[]
PAKAR-0067,menjijikan ya. rata aplikasi bumn yang budgetnya ekstra besar itu. kok bug terus. error.,menjijikan rata aplikasi bumn budgetnya ekstra besar bug terus error,KLASIFIKASI FEATURE ERROR,2A,[],[]
PAKAR-0068,"semakin kesini semakin aneh, lapor tanggal des pengerjaan tanggal des ditahun yang sama",semakin kesini semakin aneh lapor tanggal des pengerjaan tanggal des ditahun sama,KLASIFIKASI FEATURE ERROR,2C,[],[]
PAKAR-0069,"user tracking dilarang mengakses fitur ini maksudnya bagaimana dah,mau ngecek pengaduan jadi tidak bisa",user tracking dilarang mengakses fitur maksudnya bagaimana dah mau ngecek pengaduan tidak bisa,KLASIFIKASI FEATURE ERROR,2C,[],[]
PAKAR-0070,setelah update sering force close,update sering force close,KLASIFIKASI FEATURE ERROR,2A,[],[]
PAKAR-0072,lelet.semakin hari semakin gangguan jaringan.tlng koreksi lagi,lamban semakin hari semakin gangguan jaringan tlng koreksi,KLASIFIKASI FEATURE ERROR,2A,[],[]
PAKAR-0073,pelayanan ulp mattoanging sangat baik,pelayanan ulp mattoanging sangat baik,KLASIFIKASI SERVICE 020,1D,[],[]
PAKAR-0074,"pln mobile sudah bisa catat meter, mantap pln mobile",pln mobile bisa catat meter mantap pln mobile,KLASIFIKASI FEATURE DESIGN,4I,['Feature Error'],['2H']
PAKAR-0075,pln slawi bagaimana ini. listrik mati mulu dah. hadeh. nyusahin warga.,pln slawi bagaimana listrik mati mulu dah hadeh nyusahin warga,KLASIFIKASI SERVICE 020,1A,[],[]
PAKAR-0076,seneng banget pakai aplikasi ini jadi mudah untuk mengakses langsung ke pln jika ada ganguan di kwh atau lain sebagainya,seneng banget pakai aplikasi mudah mengakses langsung pln ganguan kwh sebagainya,KLASIFIKASI FEATURE DESIGN,4D,[],[]
PAKAR-0077,halo. mohon untuk pengaduan layanan kelistrikan agar cepat ditanggapi. pajak mencekik layanan makin buruk! ! sampai kapanpun kalau hanya manipulasi rating bakal jadi boom waktu!,halo mohon pengaduan layanan kelistrikan cepat ditanggapi pajak mencekik layanan makin buruk kapanpun manipulasi rating bakal boom waktu,KLASIFIKASI SERVICE 020,1B,[],[]
PAKAR-0079,lemot. update pemasangan lama. padahal pembayaran sudah lunas.,lamban update pemasangan lama padahal pembayaran lunas,KLASIFIKASI SERVICE 020,1C,['Feature Error'],['2B']
PAKAR-0080,"listrik didaerah saya tiap hari mati, tolong pihak pln segera diperbaiki layanan anda. ini alamat nya kp.citemen rt. rw des.pasir baru kec.cisolok kab.sukabumi, pasir baru, kec. cisolok, kabupaten sukabumi, jawa barat .",listrik didaerah tiap hari mati pihak pln segera diperbaiki layanan alamat kp ditemen rt rw des pasir baru kec cisolok kab sukabumi pasir baru kec cisolok kabupaten sukabumi jawa barat,KLASIFIKASI SERVICE 020,1A,[],[]
PAKAR-0081,"pln mobile joz pokonya, aduan kwh meter grounding,mcb off kwh meter tetap jalan trs,lngsung direspon,ditangani,gercep,.pengerjaan tidak nyampe menit kwh meter sudah selesai,normal kembali,",pln mobile joz pokonya aduan kwh meter grounding mcb off kwh meter tetap jalan terus lngsung direspon ditangani gerak cepat pengerjaan tidak nyampe menit kwh meter selesai normal,KLASIFIKASI SERVICE 020,1E,[],[]
PAKAR-0082,"saya sudah punya watt non sub dl sub ada pengurangan dicabut jadi non sub listrikku nm tetanggaku krn yang punya kartu blt tetanggaku dulu selain yang punya kartu blt tidak boleh pasang listrik,sy juga dapat bansos listrik gratis tapi dilempar ke orang lain krna saya sudah punya dan skrg saya mau pasang yang watt krn yang lama keberatan bayar pulsanya sedangkan pekerjaan cuma kuli tani serabutan.",punya watt non sub dl sub pengurangan dicabut non sub listrikku nm tetanggaku krn punya kartu blt tetanggaku dulu punya kartu blt tidak pasang listrik saya bansos listrik gratis dilempar orang krna punya skrg mau pasang watt krn lama keberatan bayar pulsanya pekerjaan cuma kuli tani serabutan,KLASIFIKASI UMUM,3F,[],[]
PAKAR-0083,pln tasik yang di loket saya ke sana tadinya mau minta solusi pulang tidak dapet apa. orang nya tidak cocok ada di sana pelayanan nya parah,pln tasik loket sana tadinya mau minta solusi pulang tidak dapet apa orang tidak cocok sana pelayanan parah,KLASIFIKASI SERVICE 020,1D,[],[]
PAKAR-0084,nomor token tolong lebih besar lagi angkanya. kalau kecil gitu bikin rusak mata.,nomor token lebih besar angkanya kecil gitu bikin rusak mata,KLASIFIKASI FEATURE DESIGN,4E,['Feature Error'],['2B']
PAKAR-0085,kenapa di akun pln mobile saya belum bisa migrasi kwh prabayar ke pascabayar ?,akun pln mobile belum bisa migrasi kwh prabayar pascabayar,KLASIFIKASI FEATURE DESIGN,4B,['Service O2O'],"['1C', '1D']"
PAKAR-0086,"untuk tim it fitur tambahan id pelanggan kalau memang maksimum jgn tiba dilhilangkan fitur nya tapi beri keterangan mohon maaf tidak bisa menambahkan id maks atau bisa kembangkan lagi jadi id, krn saya termasuk penggunaan pln yang lebih dari kwh yang berbeda, fitur ini sangat berguna kalau bisa diperbanyak krn kita sebagai konsumen bisa lebih mudah mendapatkan notifikasi, tagihan, kendala, dll. mohon untuk dipertimbangkan",tim it fitur tambahan id pelanggan memang maksimum jgn tiba dihilangkan fitur beri keterangan mohon maaf tidak bisa menambahkan id maks bisa kembangkan id krn termasuk penggunaan pln lebih kwh berbeda fitur sangat berguna bisa diperbanyak krn konsumen bisa lebih mudah mendapatkan notifikasi tagihan kendala mohon dipertimbangkan,KLASIFIKASI FEATURE DESIGN,4K,['Feature Error'],['2G']
PAKAR-0087,"kwh sering restart , petugas survey ketempat. akhirnya di sarankan ganti kwh meter, nanti akan ada yang menghubungi untuk konfirmasi. pelayanan mantap, cepat, tanggap. terima kasih pln mobile",kwh sering restart petugas survey ketempat akhirnya sarankan ganti kwh meter menghubungi konfirmasi pelayanan mantap cepat tanggap terima kasih pln mobile,KLASIFIKASI SERVICE 020,1E,['Service O2O'],['1A']
PAKAR-0088,"aplikasi nya oke, tapi penanganan nya tetep aja lambat. dulu trackingnya jelas ada semua history nya. sekarang justru gantung gitu setiap pengaduan? kudu piye? jadi sama aja dong. orang ngadu tidak ditanggepi? aplikasi awal oke jadi tidak sama sekali oke",aplikasi oke penanganan tetep lambat dulu trackingnya jelas semua history sekarang justru gantung gitu pengaduan kudu piye sama orang ngadu tidak ditanggepi aplikasi awal oke tidak sama sekali oke,KLASIFIKASI SERVICE 020,1B,[],[]
PAKAR-0089,kok gaq ada penurunan daya dari turun ke,gaq penurunan daya turun,KLASIFIKASI FEATURE DESIGN,4B,[],[]
PAKAR-0090,"pelayanan ng jelas, kru di lapangan di hubungi susah, giliran kita nunggu jawaban ng ada respon justru pengaduan di batalkan, kea apa sih pelayanannya pln ini, saya loh mau isi voucher token nda bsa, ditangani tapi ng fast respon, tolong ya diperbaiki, standar kualitas bagaimana kalau kea gtu caranya.",pelayanan ng jelas kru lapangan hubungi susah giliran nunggu jawaban ng respon justru pengaduan batalkan kea apa pelayanannya pln mau isi voucher token nda bisa ditangani ng fast respon diperbaiki standar kualitas bagaimana kea gtu caranya,KLASIFIKASI SERVICE 020,1B,['Feature Error'],['2B']
PAKAR-0092,ganti box meteran pln gratis tanpa di pungut biaya sepeserpun. petugasnya ramah dan baik banget. terimakasih. semoga pln semakin ditingkatkan pelayanannya.,ganti box meteran pln gratis pungut biaya sepeserpun petugasnya ramah baik banget terima kasih semoga pln semakin ditingkatkan pelayanannya,KLASIFIKASI SERVICE 020,1I,[],[]
PAKAR-0094,enak beli token di apikasi mobilepln murah banget,enak beli token apikasi pln mobile murah banget,KLASIFIKASI FEATURE DESIGN,4H,['Feature Error'],['2B']
PAKAR-0095,"andai saja ada tandingan macam pertamina dengan shell, vivo dan yang lainnya saya pastikan turunan saya kedepannya pakai yang lain pln selain monopoli, listrik tidak mutu, tanggung jawab kurang, tidak ada sisi baiknya untuk kepentingan warga",andai tandingan macam pertamina shell vivo lainnya pastikan turunan kedepannya pakai pln monopoli listrik tidak mutu tanggung jawab kurang tidak sisi baiknya kepentingan warga,KLASIFIKASI UMUM,3A,[],[]
PAKAR-0096,mohon penjelasannya kenapa tagihan listrik naik kali lipat? masa daya kwh va sampe ribu? bukannya limit batas maksimal kwh va sampe ribu paling besar?,mohon penjelasannya tagihan listrik naik kali lipat masa daya kwh va sampe ribu bukannya limit batas maksimal kwh va sampe ribu paling besar,KLASIFIKASI SERVICE 020,1D,[],[]
PAKAR-0097,iconett di dumai kok mahal ya?,iconett dumai mahal,KLASIFIKASI ICONNET,6E,[],[]
PAKAR-0098,"ini sebenarnya bagaimana si, saya mau mengajukan kwh listri saya ada tulisan periksa, lewat aplikasi ini justru ngk bisa buat pengajuan, saya sudah hubungi ke ig wa gmail juga tidak di balas, ajukan lewat sini justru hpsaya mati tiba, kecewa saya dengan aplikasi ini",sebenarnya bagaimana si mau mengajukan kwh listri tulisan periksa lewat aplikasi justru ngk bisa buat pengajuan hubungi ig wa gmail tidak balas ajukan lewat sini justru hpsaya mati tiba kecewa aplikasi,KLASIFIKASI FEATURE ERROR,2D,[],[]
PAKAR-0099,hari. kok belum terverifikasi traugraed?,hari belum terverifikasi traugraed,KLASIFIKASI REGISTRATION,5D,[],[]
PAKAR-0100,token saya tidak di ganti udah bulan setelah pergantian kwh. udah hubungi pln tidak ada penyelesaian dan saya hubungi petugas yang ganti kwh nya tidak di respon padahal saya cm minta hak saya.,token tidak ganti udah bulan pergantian kwh udah hubungi pln tidak penyelesaian hubungi petugas ganti kwh tidak respon padahal cm minta hak,KLASIFIKASI SERVICE 020,1D,"['Feature Error', 'Service O2O']","['1A', '2B']"
PAKAR-0101,ralat. ada oknum petugas pln yang mematok harga tarif pasang baru jauh di atas yang tertera di aplikasi jika pasangnya lewat oknum ini. apakah itu termasuk pungli ?,ralat oknum petugas pln mematok harga tarif pasang baru jauh atas tertera aplikasi pasangnya lewat oknum termasuk pungli,KLASIFIKASI SERVICE 020,1F,['Service O2O'],"['1A', '1C']"
PAKAR-0104,respon terhadap keluhan gangguan pelayanan sangat cepat dan memuaskan.,respon keluhan gangguan pelayanan sangat cepat memuaskan,KLASIFIKASI SERVICE 020,1I,[],[]
PAKAR-0105,"pasang iconnet gagal karena terminal penuh di suruh refund sendiri kok tidak otomatis uang kembali, di record kan ada terus teknisi juga kan ada laporannya masih aja harus isi ini itu di web apa gunanya aplikasi kalau masih ribet, bayar cepet refund ribet.",pasang iconnet gagal terminal penuh suruh refund sendiri tidak otomatis uang record kan terus teknisi kan laporannya isi web apa gunanya aplikasi rumit bayar cepet refund rumit,KLASIFIKASI ICONNET,6C,['ICONNET'],['6A']
PAKAR-0106,saran dari saya pelayanannya ditingkatkan kembali dan tarif listrik per kwh di turunkan yang . . terima kasih,saran pelayanannya ditingkatkan tarif listrik kwh turunkan terima kasih,KLASIFIKASI UMUM,3F,[],[]
PAKAR-0108,"kalo tidak ada pln mobile, hak nik subsidi saya gakkan ketauan karena ulah oknum. tinggal nunggu token smart biar bisa cek berkala pulsa token lewat pln mobile. terima kasih banyak",kalo tidak pln mobile hak nik subsidi gakkan ketauan ulah oknum tinggal nunggu token smart biar bisa cek berkala pulsa token lewat pln mobile terima kasih banyak,KLASIFIKASI UMUM,3F,"['Feature Error', 'Registration']","['2B', '5D']"
PAKAR-0109,"bang angga dari petugas pln cikupa, pelayanannya ramah dan sangat baik.terima kasih ya bang angga, semoga semua tugasnya lancar dan sukses selalu. aamiin.",bang angga petugas pln cikupa pelayanannya ramah sangat baik terima kasih bang angga semoga semua tugasnya lancar sukses selalu aamiin,KLASIFIKASI SERVICE 020,1I,['Service O2O'],['1A']
PAKAR-0110,menurut saya ya memuaskan dan cepat tanggap jika ada keperluan mengenai kelistrikan,memuaskan cepat tanggap keperluan mengenai kelistrikan,KLASIFIKASI SERVICE 020,1I,[],[]
PAKAR-0111,"aplikasinya bagus,cuman tuk daftar kwh baru, bikin rumit dengan adanya nidi,",aplikasinya bagus cuman tuk daftar kwh baru bikin rumit adanya nidi,KLASIFIKASI FEATURE DESIGN,4B,[],[]
PAKAR-0112,payah aplikasi lamban kalo pembayaran cepet kalo pengaduan lamban,payah aplikasi lamban kalo pembayaran cepet kalo pengaduan lamban,KLASIFIKASI SERVICE 020,1B,['Feature Error'],['2B']
PAKAR-0113,"saya membuat pengaduan sampai ketiga kali, terkait nominal tagihan yang tidak sesuai, nominal tagihan berdasarkan catatan meteran oleh petugas, membuat tagihan saya menjadi kali lipat lebih. setelah dicek, meteran kami normal, dan tidak ada masalah, berarti kesalahan catat, tapi kenapa nominal tagihannya tidak dirubah.",membuat pengaduan ketiga kali terkait nominal tagihan tidak sesuai nominal tagihan berdasarkan catatan meteran petugas membuat tagihan menjadi kali lipat lebih dicek meteran normal tidak masalah berarti kesalahan catat nominal tagihannya tidak dirubah,KLASIFIKASI SERVICE 020,1D,['Service O2O'],['1A']
PAKAR-0114,terima kasih pelayanan gangguan cepat,terima kasih pelayanan gangguan cepat,KLASIFIKASI SERVICE 020,1E,[],[]
PAKAR-0115,"listrik di perum permata nusa indah cibitung sering banget down, komputer udah kena yang rusak total, komplen via aplikasi kaga asa respon sama sekali, ini bisa kaga si dimintain ganti kerugian",listrik perum permata nusa indah cibitung sering banget down komputer udah kena rusak total komplen via aplikasi kaga asa respon sama sekali bisa kaga si dimintain ganti kerugian,KLASIFIKASI SERVICE 020,1A,[],[]
PAKAR-0116,"vendor pemasangan instalasi atas nama pt manggala indo perkasa sangat tidak profesional. biaya instalasi di luar biaya penyambungan sampai rp. . , namun vendor ini tidak bekerja apa apa. pasang mcb pun harus kita sendiri. mereka cuma datang, cek pergi. mending pln take down aja mereka dari vendor.",vendor pemasangan instalasi atas nama pt manggala indo perkasa sangat tidak profesional biaya instalasi luar biaya penyambungan rp vendor tidak bekerja apa apa pasang mcb sendiri cuma datang cek pergi mending pln take down vendor,KLASIFIKASI SERVICE 020,1D,['ListriQu'],['7A']
PAKAR-0118,"pembelian lemari saya di aplikasi pln mobile sampai saat ini belum saya terima. saya melakukan pembelian di tanggal mei . tidak ada menu untuk ajukan complain atau pembatalan pesanan. dari pln mobile tidak ada otomatis batal jika pesanan sudah berapa hari tidak sampai. dan saat ini nomor saya diblokir oleh penjual. update tanggal juni sampai saat ini masih belum ada penyelesaian atas kasus saya ini, belum ada refund ke saldo pln mobile saya. tindak lanjut dari pln tidak ada",pembelian lemari aplikasi pln mobile belum terima melakukan pembelian tanggal mei tidak menu ajukan complain pembatalan pesanan pln mobile tidak otomatis batal pesanan berapa hari tidak nomor diblokir penjual update tanggal juni belum penyelesaian atas kasus belum refund saldo pln mobile tindak lanjut pln tidak,KLASIFIKASI UMUM,3D,['Feature Error'],['2C']
PAKAR-0119,"pln mobile sangat membantu kita untuk mengenal seputar program yang ditawarkan oleh pln,seperti tambah daya,pasang baru,diskon dan pembelian pulsa listrik semua ada di dalam aplikasi pln mobile. pln mobile memang mantep",pln mobile sangat membantu mengenal seputar program ditawarkan pln tambah daya pasang baru diskon pembelian pulsa listrik semua aplikasi pln mobile pln mobile memang mantep,KLASIFIKASI UMUM,3A,"['Feature Error', 'Service O2O', 'Umum']","['1C', '2C', '3B']"
PAKAR-0120,kabel listrik terlalu pendek. apakah.bisa diganti ? dikenakan biaya atau free ?,kabel listrik terlalu pendek bisa diganti dikenakan biaya free,KLASIFIKASI UMUM,3A,[],[]
PAKAR-0121,"sering gangguan iconnect nya , jangkauannya kurang luas jangan berharap banyak",sering gangguan iconnet jangkauannya kurang luas jangan berharap banyak,KLASIFIKASI ICONNET,6B,['Feature Design'],['4P']
PAKAR-0122,"ini saya bicara tentang koneksinya memang oke saya pasang di toko saya itupun dngn penuh perjuangan saya telepon sana sini buat request, pelayanan operator iconnet saya saya jelek,plat merah selalu seperti ini, di rumah saya sampai skrg tidak bisa pasang icconet, dan sudah telepon sana sini tetap tidak di tanggapi. beda banget sama yang swasta, daftar, cek lokasi, walau belum trcover langsung tarik kabel dan lain lain , pelanggan duduk manis. jreng internet trpasang. harus sabar sama plat merah. tidak punya rasa memiliki.",bicara koneksinya memang oke pasang toko itupun dngn penuh perjuangan telepon sana sini buat request pelayanan operator iconnet jelek plat merah selalu rumah skrg tidak bisa pasang icconet telepon sana sini tetap tidak tanggapi beda banget sama swasta daftar cek lokasi belum tercover langsung tarik kabel pelanggan duduk manis jreng internet trpasang sabar sama plat merah tidak punya rasa memiliki,KLASIFIKASI ICONNET,6B,['Feature Design'],['4P']
PAKAR-0123,praktis dan efisien untuk mengecek tagihan listrik qt,praktis efisien mengecek tagihan listrik qt,KLASIFIKASI FEATURE DESIGN,4H,[],[]
PAKAR-0124,"aplikasinya sih baik tapi saran aja. saran saya untuk kedepannya dari segala jenis pengaduan dikenakan tarif biaya aja, mungkin itu bisa membuat para teknisi pln bisa bergerak respon dengan cepat",aplikasinya baik saran saran kedepannya segala jenis pengaduan dikenakan tarif biaya mungkin bisa membuat teknisi pln bisa bergerak respon cepat,KLASIFIKASI FEATURE DESIGN,4K,[],[]
PAKAR-0125,"aplikasi dengan fitur yang lengkap untuk melakukan pengaduan, pengecekan, dan pambayaran tagihan",aplikasi fitur lengkap melakukan pengaduan pengecekan pambayaran tagihan,KLASIFIKASI UMUM,3A,[],[]
PAKAR-0126,iconnet tidak jelas. saya mau berlangganan bukan mau nyuri. tapi justru nggak di lakukan pemasangan.,iconnet tidak jelas mau berlangganan bukan mau nyuri justru lakukan pemasangan,KLASIFIKASI ICONNET,6A,['Feature Design'],['4P']
PAKAR-0127,setelah saya telpon virtual untuk keluhan mati lampu di beri kode laporan tapi sayang di aplikasi tidak bisa di tracking hasilnya bagaimana mohon di perbaiki lagi,telpon virtual keluhan mati lampu beri kode laporan sayang aplikasi tidak bisa tracking hasilnya bagaimana mohon perbaiki,KLASIFIKASI FEATURE DESIGN,4D,['Service O2O'],['1A']
PAKAR-0128,daftar pakai id indonesia setelah berhasil daftar id terganti milik orang malaysia,daftar pakai id indonesia berhasil daftar id terganti milik orang malaysia,KLASIFIKASI REGISTRATION,5E,[],[]
PAKAR-0129,"kecewa. petugas belum ada tapi laporan sudah menyala? , ini yangbsalah aplikasi atau petugasnya?",kecewa petugas belum laporan menyala yangsalah aplikasi petugasnya,KLASIFIKASI SERVICE 020,1E,['Service O2O'],['1A']
PAKAR-0130,mau melapor susah banget. hilangkan id pelanggan. cukup pick lokasi dan photo kejadian.,mau melapor susah banget hilangkan id pelanggan cukup pick lokasi photo kejadian,KLASIFIKASI FEATURE DESIGN,4E,['Feature Error'],['2G']
PAKAR-0131,"kalau pasang baru kok nggak ada yang watt ya. minimal , kalau buat kost atau kontrakan segitu terlalu tinggi bebannya",pasang baru watt minimal buat kost kontrakan segitu terlalu tinggi bebannya,KLASIFIKASI FEATURE DESIGN,4B,['Service O2O'],['1C']
PAKAR-0132,"respon nya dah bagus.tapi sayang dan amat sayang tidak diimbangi dengan pelayanan di lapangan, tanggal jan saya ada trouble listrik padam hanya rumah saya, saya lapor mulai jam . wib, kata sebentar lagi ada petugas, sampai jam . petugas belum datang, saya lapor lagi kata sudah dikoordinasikan dengan petugas lapangan.namun sampai pukul . wib petugas lapangan tidak ada.sy lihat di fitur riwayat pengaduan di hari dan tanggal yang sama jam . listrik menyala.nah lho.",respon dah bagus sayang sayang tidak diimbangi pelayanan lapangan tanggal jan trouble listrik padam rumah lapor mulai jam wib kata sebentar petugas jam petugas belum datang lapor kata dikoordinasikan petugas lapangan pukul wib petugas lapangan tidak saya lihat fitur riwayat pengaduan hari tanggal sama jam listrik menyala lho,KLASIFIKASI SERVICE 020,1E,['Service O2O'],"['1A', '1F']"
PAKAR-0133,"aplikasinya hoax karena tidak sesuai kenyataan. saat saya melakukan pengaduan, hasil laporan terselesaikan dalam waktu menit. kenyataannya listrik hidup jam setelah laporan. tolong kinerja petugas pln diperbaiki supaya tidak mengecewakan pelanggan. pelanggan aja telat bayar didenda, kok petugas pln tidak timbal balik. coba dicek lagi aplikasi mobile pln kalau kita melakukan pengaduan automatis ada id pelanggan kita. jadi, soal menyebutkan id pelanggan konsumen tidak perlu diajari.",aplikasinya hoax tidak sesuai kenyataan melakukan pengaduan hasil laporan terselesaikan waktu menit kenyataannya listrik hidup jam laporan kinerja petugas pln diperbaiki tidak mengecewakan pelanggan pelanggan telat bayar didenda petugas pln tidak timbal balik coba dicek aplikasi mobile pln melakukan pengaduan automatis id pelanggan soal menyebutkan id pelanggan konsumen tidak perlu diajari,KLASIFIKASI SERVICE 020,1E,"['Feature Error', 'Service O2O']","['1A', '2G']"
PAKAR-0135,pengaduan ndk di tangapain dengan cepat .cari lokasi maps yang burik tolong yang serius bikin aplikasi kasian costamer .lagi ngalami kendala butun perbaikan dengan cepat tidak kayak pas manual kayak dulu sehari pengaduan langsung tanggapain sekarang lama semenjak pak sistem online ini .,pengaduan ndk tangapan cepat cari lokasi maps burik serius bikin aplikasi kasian costamer ngalami kendala butun perbaikan cepat tidak kayak pas manual kayak dulu sehari pengaduan langsung tanggapan sekarang lama semenjak pak sistem online,KLASIFIKASI SERVICE 020,1B,[],[]
PAKAR-0136,"listrik saya padam padahal tetangga nyala,sudah laporan ,ditracking sudah selesai nyala,padahal kenyataannya belum ada petugas yang datang. .katanya ditangani sebelum jam,pdahal sekarang sudah jam. tolong diperbaiki aplikasinya,karena tidak sinkron tracking di aplikasi dengan kenyataannya.",listrik padam padahal tetangga nyala laporan ditracking selesai nyala padahal kenyataannya belum petugas datang katanya ditangani jam pdahal sekarang jam diperbaiki aplikasinya tidak sinkron tracking aplikasi kenyataannya,KLASIFIKASI SERVICE 020,1E,['Service O2O'],['1A']
PAKAR-0138,"ternyata benar komentar sebelumnya, menu riwayat pengaduan status telah selesai dan menyala, padahal nyatanya belum ada petugas dari pln yang datang, sebenarnya tidak masalah ketika laporan di terima saat dini hari dan akan di perbaiki pagi harinya, yang penting di riwayat pengaduan sesuai, lah ini di riwayat pengaduan status selesai dan menyala tapi tidak sesuai kenyataan lapangan. ini yang ku alami dan nyata",ternyata benar komentar sebelumnya menu riwayat pengaduan status selesai menyala padahal nyatanya belum petugas pln datang sebenarnya tidak masalah laporan terima dini hari perbaiki pagi harinya penting riwayat pengaduan sesuai riwayat pengaduan status selesai menyala tidak sesuai kenyataan lapangan ku alami nyata,KLASIFIKASI SERVICE 020,1E,['Service O2O'],['1A']
PAKAR-0139,"aplikasi muter tok, padahal hp saya baru.",aplikasi muter tok padahal hp baru,KLASIFIKASI FEATURE ERROR,2A,[],[]
PAKAR-0140,"antara report status di app ini dengan kenyataan dilapangannya berbeda. di app tertulis selesai dikerjakan listrik nyala. padahal aktual di lapangannya belum ada petugas pun datang ke rumah. jangan membuat report jika tidak sesuai dengan kenyataan. sudah jam sejak membuat laporan ke call center sampai saat ini belum ada petugas yang datang listrik dirumah masih mati, tapi anehnya dilaporannya sudah selesai. saat di tracking petugas pun, tertulis jaraknya km. lokasi di bogor. terima kasih",report status app kenyataan dilapangannya berbeda app tertulis selesai dikerjakan listrik nyala padahal aktual lapangannya belum petugas datang rumah jangan membuat report tidak sesuai kenyataan jam sejak membuat laporan call center belum petugas datang listrik dirumah mati anehnya dilaporannya selesai tracking petugas tertulis jaraknya km lokasi bogor terima kasih,KLASIFIKASI SERVICE 020,1E,['Service O2O'],['1A']
PAKAR-0141,tlong untuk pengaduan yang benar dan real seperti dilapangan. jgn bohong. kasihan customer kalau kami telat juga anda pln denda kan. tlong hak dan kewajiban dijalankan. terima kasih.,tlong pengaduan benar real dilapangan jgn bohong kasihan customer telat pln denda kan tlong hak kewajiban dijalankan terima kasih,KLASIFIKASI SERVICE 020,1I,[],[]
PAKAR-0142,sudah pusing seharian cari struk yang hilang tyt sangat terbantu dengan adanya aplikasi pln mobile,pusing seharian cari struk hilang tyt sangat terbantu adanya aplikasi pln mobile,KLASIFIKASI FEATURE DESIGN,4H,['Feature Error'],['2C']
PAKAR-0143,"aplikasi milik negara kok ecek gini ya,saya kepingin tahu anggaran buat aplikasi ini.tidak layak sekali untuk sekelas bumn.",aplikasi milik negara ecek gini kepingin tahu anggaran buat aplikasi tidak layak sekali sekelas bumn,KLASIFIKASI UMUM,3A,[],[]
PAKAR-0144,tidak usah di download. aplikasi tidak smpurna. layanan chatnya tidak bisa menyelesaikan masalah. masa minta info daya dll. harus cek di kantornya.,tidak usah download aplikasi tidak smpurna layanan chatnya tidak bisa menyelesaikan masalah masa minta info daya cek kantornya,KLASIFIKASI FEATURE DESIGN,4G,[],[]
PAKAR-0145,udah migrasi user tapi ndk bisa masuk bagaimana ya aplikasi pln ini? tolong diperbaiki lagi,udah migrasi user ndk bisa masuk bagaimana aplikasi pln diperbaiki,KLASIFIKASI REGISTRATION,5A,['Service O2O'],['1C']
PAKAR-0146,"cs selalu sibuk, atau malas",cs selalu sibuk malas,KLASIFIKASI SERVICE 020,1B,[],[]
PAKAR-0147,"saya heran, ini aplikasi milik bumn, tapi kualitasnya jauh dibawah aplikasi lainnya, sering macet, fitur chat yang tidk ada kolom membalas chat., promo rupiah admin yang tidak bisa diakses, haris login setiap habis membuka aplikasi lain",heran aplikasi milik bumn kualitasnya jauh dibawah aplikasi lainnya sering macet fitur chat tidk kolom membalas chat promo rupiah admin tidak bisa diakses haris login habis membuka aplikasi,KLASIFIKASI FEATURE ERROR,2C,"['Registration', 'Umum']","['3B', '5A']"
PAKAR-0148,respon via operator bagus. ketika ada keluhan akan segera di sampaikan ke upl terkait. di cek ke upl terkait tidak ada laporan dari pusat. jika di sistem tidak bisa sesuai seperti kenyataan. mending di kembalikan seperti dulu. langsung laporan upl terdekat. petugas pln langsung ke tkp. coba telat bayar sehari saja bayarnya. pasti langsung di putus aliran listriknya.,respon via operator bagus keluhan segera sampaikan upl terkait cek upl terkait tidak laporan pusat sistem tidak bisa sesuai kenyataan mending kembalikan dulu langsung laporan upl terdekat petugas pln langsung tkp coba telat bayar sehari bayarnya langsung putus aliran listriknya,KLASIFIKASI SERVICE 020,1H,['Service O2O'],['1A']
PAKAR-0149,"pak tadi sekitar jam ada orang pln ke tempat kita dak melakukan penggantian meteran listrik token, selesai di ganti token saya balik perak dan saya bertanya kok pulsa token saya berkurang kata petugas nya nanti di ganti mas pulsa tapi kok sampe skrng tidak ada pergantian pulsa token saya ya ?",pak tadi jam orang pln tempat dak melakukan penggantian meteran listrik token selesai ganti token balik perak bertanya pulsa token berkurang kata petugas ganti mas pulsa sampe skrng tidak pergantian pulsa token,KLASIFIKASI SERVICE 020,1H,"['Feature Error', 'Service O2O']","['1A', '2B']"
PAKAR-0151,"aplikasi memudahkan kita dalam mengecek pemakaian pulsa,danmemudahkan kita dalam mengendalikan pln prabayar,cek pemakaian,waktu pemadaman,dan lain,",aplikasi memudahkan mengecek pemakaian pulsa danmemudahkan mengendalikan pln prabayar cek pemakaian waktu pemadaman,KLASIFIKASI FEATURE DESIGN,4F,['Service O2O'],"['1A', '1D']"
PAKAR-0152,pelayanan pln mobile cukup baik pengaduan pln,pelayanan pln mobile cukup baik pengaduan pln,KLASIFIKASI FEATURE DESIGN,4D,[],[]
PAKAR-0153,aplikasinya sangat membantu dan cepat,aplikasinya sangat membantu cepat,KLASIFIKASI UMUM,3A,[],[]
PAKAR-0154,"layanan melalui aplikasi yang cepat tanggap, semoga maju terus, pln terbaik",layanan melalui aplikasi cepat tanggap semoga maju terus pln terbaik,KLASIFIKASI SERVICE 020,1B,[],[]
PAKAR-0155,"luar biasa , sangat membantu , terima kasih pln mobile",luar biasa sangat membantu terima kasih pln mobile,KLASIFIKASI UMUM,3A,[],[]
PAKAR-0156,"aplikasi yang sangat membantu sekali, kapan dan dimanapun kita bisa langsung melaporkan keadaan listrik di rumah kita atau pun rumah orang lain",aplikasi sangat membantu sekali kapan dimanapun bisa langsung melaporkan keadaan listrik rumah rumah orang,KLASIFIKASI FEATURE DESIGN,4D,[],[]
PAKAR-0157,dengan adanya pln mobile sangat bermanfaat dan memudahkan bagi pelanggan,adanya pln mobile sangat bermanfaat memudahkan pelanggan,KLASIFIKASI UMUM,3A,[],[]
PAKAR-0158,alhamdulillah pelayanan nya mantap cepat.,alhamdulillah pelayanan mantap cepat,KLASIFIKASI SERVICE 020,1B,[],[]
PAKAR-0159,"error untuk yang ke kalinya, setelah pemadaman. dan selalu begitu tidak ada tindak lanjut bagaimana supaya tidak terulang begitu lagi. ketika sudah lapor via wa nunggu sampai jam baru dikasih tau token untuk menghidupkan. ini sudah email belum ada tanggapan, tidak tahu sengaja . atau enggak tidak tahu. ini anak kost sudah banyak yang cari tempat lain gara pln. terima kasih sudah mematikan usaha kami.",error kalinya pemadaman selalu tidak tindak lanjut bagaimana tidak terulang lapor via wa nunggu jam baru dikasih tau token menghidupkan email belum tanggapan tidak tahu sengaja enggak tidak tahu anak kost banyak cari tempat gara pln terima kasih mematikan usaha,KLASIFIKASI FEATURE ERROR,1B,"['Feature Error', 'Service O2O']","['1A', '2B']"
PAKAR-0160,pln mobile semakin mantap,pln mobile semakin mantap,KLASIFIKASI UMUM,3A,[],[]
PAKAR-0161,"aplikasi ini memudahkan semuanya, mantap",aplikasi memudahkan semuanya mantap,KLASIFIKASI UMUM,3A,[],[]
PAKAR-0163,"respon sangat cepat,terimakasih petugas pln aplikasinya sangat membatu sekali",respon sangat cepat terima kasih petugas pln aplikasinya sangat membatu sekali,KLASIFIKASI SERVICE 020,1B,['Service O2O'],['1A']
PAKAR-0165,kwh di rumah saya sudah tahun tertulis periksa kata petugas yang datang ke rumah kwh ya harus di ganti tapi sampai sekarang tidak pernah di ganti,kwh rumah tahun tertulis periksa kata petugas datang rumah kwh ganti sekarang tidak pernah ganti,KLASIFIKASI SERVICE 020,1C,['Service O2O'],['1A']
PAKAR-0166,"aplikasi bagus, terima kasih",aplikasi bagus terima kasih,KLASIFIKASI UMUM,3A,[],[]
PAKAR-0168,kualitas layanan ini sangat top notch! semua masalahku diatasi dalam waktu singkat dan solusi yang diberikan sangat memuaskan.,kualitas layanan sangat top notch semua masalahku diatasi waktu singkat solusi diberikan sangat memuaskan,KLASIFIKASI SERVICE 020,1B,[],[]
PAKAR-0169,pln terbaik bisa di gunakan di setiap saat pkoknya the best,pln terbaik bisa gunakan pkoknya the best,KLASIFIKASI UMUM,3A,[],[]
PAKAR-0170,aplikasi pln baik sekali,aplikasi pln baik sekali,KLASIFIKASI UMUM,3A,[],[]
PAKAR-0171,"aplikasi ini sangat membantu kita,dan permudah kan kita untuk mengselesaikan masalah kelistrikan.",aplikasi sangat membantu permudah kan menselesaikan masalah kelistrikan,KLASIFIKASI UMUM,3A,[],[]
PAKAR-0172,semua menyangkut kelistrikan solusinya di pln mobile,semua menyangkut kelistrikan solusinya pln mobile,KLASIFIKASI UMUM,3A,[],[]
PAKAR-0173,untuk urusan listrik pln mobile solusi nya.,urusan listrik pln mobile solusi,KLASIFIKASI UMUM,3A,[],[]
PAKAR-0174,semoga iconnect bisa cpat beres,semoga iconnet bisa cpat beres,KLASIFIKASI ICONNET,6E,['Feature Design'],['4P']
PAKAR-0175,"selalu pembayaran kadaluarsa pas baru mau proses, udah coba pembayaran link aja dan shopee pay, sama aja.baru transaksi udah kadaluarsa",selalu pembayaran kadaluarsa pas baru mau proses udah coba pembayaran link shopee pay sama baru transaksi udah kadaluarsa,KLASIFIKASI FEATURE ERROR,2C,['Feature Error'],['2B']
PAKAR-0176,aplikasinya mantap dan sangat membantu,aplikasinya mantap sangat membantu,KLASIFIKASI UMUM,3A,[],[]
PAKAR-0177,pelayanan cepat tanggap dan sigap,pelayanan cepat tanggap sigap,KLASIFIKASI SERVICE 020,1B,[],[]
PAKAR-0178,setelah di upgrade ke yang baru kok mlh tidak bisa dipakai. perbaikin lagi dong kualitas nya.,upgrade baru mlh tidak bisa dipakai perbaikin kualitas,KLASIFIKASI FEATURE ERROR,2C,[],[]
PAKAR-0179,ok maju terus pantang padam,maju terus pantang padam,KLASIFIKASI UMUM,3A,[],[]
PAKAR-0180,ada masalah saat tambah id pel di titik lokasi tidak bisa,masalah tambah id pelanggan titik lokasi tidak bisa,KLASIFIKASI FEATURE ERROR,2J,['Feature Design'],['4J']
PAKAR-0181,terima kasih dengan ada nya link ini bisa memudah kan kami,terima kasih link bisa memudah kan,KLASIFIKASI UMUM,3A,[],[]
PAKAR-0182,langsung jos.siap di tanggapi sama pegawe pln,langsung jos siap tanggapi sama pegawe pln,KLASIFIKASI SERVICE 020,1B,[],[]
PAKAR-0183,pln mobile memberikan kemudahan bagi pelanggan,pln mobile memberikan kemudahan pelanggan,KLASIFIKASI UMUM,3A,[],[]
PAKAR-0184,terima kasih atas pelayanan dan promonya,terima kasih atas pelayanan promonya,KLASIFIKASI UMUM,3B,[],[]
PAKAR-0185,aplikasinya mantap sangat membantu,aplikasinya mantap sangat membantu,KLASIFIKASI UMUM,3A,[],[]
PAKAR-0186,pelayanan pengaduan gangguan listrik semakin mudah.,pelayanan pengaduan gangguan listrik semakin mudah,KLASIFIKASI FEATURE DESIGN,4D,['Service O2O'],['1A']
PAKAR-0187,"aplikasi yang sangat membantu,layanan listrik makin mudah dengan pln mobile",aplikasi sangat membantu layanan listrik makin mudah pln mobile,KLASIFIKASI UMUM,3A,[],[]
PAKAR-0188,sangat membantu saya mengecek pulsa listrik kapan selesai,sangat membantu mengecek pulsa listrik kapan selesai,KLASIFIKASI FEATURE DESIGN,4F,[],[]
PAKAR-0189,trmksih pln mobile telah membantu,trmksih pln mobile membantu,KLASIFIKASI UMUM,3A,[],[]
PAKAR-0190,"semenjak pakai aplikasi ini, saya jadi ngk harus susah ke kantor, cukup sekali klik dah kelar urusan listrik dan mobile. terima kasih pln, terima kasih juga pln womena.",semenjak pakai aplikasi ngk susah kantor cukup sekali klik dah kelar urusan listrik mobile terima kasih pln terima kasih pln women,KLASIFIKASI UMUM,3A,[],[]
PAKAR-0191,memudahkan cek biaya tagihan dan pengaduan,memudahkan cek biaya tagihan pengaduan,KLASIFIKASI FEATURE DESIGN,4A,[],[]
PAKAR-0192,"mantap yoo, bisa beli listrik cukup dari sini wak",mantap yoo bisa beli listrik cukup sini wak,KLASIFIKASI FEATURE DESIGN,4A,[],[]
PAKAR-0193,"mantap, aplikasinya memperlancar kita di bidang listrik",mantap aplikasinya memperlancar bidang listrik,KLASIFIKASI UMUM,3A,[],[]
PAKAR-0194,"aplikasi sangat membantu kita untuk bertransaksi,fiturnya lengkap",aplikasi sangat membantu bertransaksi fiturnya lengkap,KLASIFIKASI FEATURE DESIGN,4A,[],[]
PAKAR-0195,aplikasi pln mobile ini sangat membantu dalam hal aktifasi notifikasi pln terima kasih,aplikasi pln mobile sangat membantu aktifasi notifikasi pln terima kasih,KLASIFIKASI FEATURE DESIGN,4C,['Feature Error'],['2C']
PAKAR-0196,aktif di aplikasi pln mobile,aktif aplikasi pln mobile,KLASIFIKASI UMUM,3A,['Feature Error'],['2C']
PAKAR-0197,mudah dan cepat atasi nganguan listrik,mudah cepat atasi nganguan listrik,KLASIFIKASI SERVICE 020,1A,[],[]
PAKAR-0198,aplikaai dapat mempermudah keperluan listrik,aplikaai mempermudah keperluan listrik,KLASIFIKASI UMUM,3A,[],[]
PAKAR-0199,aplikasi pln mobile ini sangat membantu pelanggan terutama terkait keluhan dan pelayanan pln,aplikasi pln mobile sangat membantu pelanggan terutama terkait keluhan pelayanan pln,KLASIFIKASI FEATURE DESIGN,4D,['Feature Error'],['2C']
PAKAR-0200,"mantap. bintang aplikasi best bangett. masih nerima pengaduan meski udah jam malam, keren terima kasih pln indonesia",mantap bintang aplikasi best bangett nerima pengaduan meski udah jam malam keren terima kasih pln indonesia,KLASIFIKASI FEATURE DESIGN,4D,[],[]
PAKAR-0202,trmakish ni sangat memudahkan saya untuk mtode pmbayaran listrik,trmaksih ni sangat memudahkan mtode pmbayaran listrik,KLASIFIKASI FEATURE DESIGN,4A,[],[]
PAKAR-0203,terima info layanan pln,terima info layanan pln,KLASIFIKASI UMUM,3A,[],[]
PAKAR-0204,"mantap playanan nya fast respon, nunggu bbrpa mnit langsung di tanganin",mantap playanan fast respon nunggu bbrpa mnit langsung tanganin,KLASIFIKASI SERVICE 020,1B,[],[]
PAKAR-0205,sangat bermanfaat dan banyak hadiahnya,sangat bermanfaat banyak hadiahnya,KLASIFIKASI UMUM,3E,[],[]
PAKAR-0206,pln terus makin jaya,pln terus makin jaya,KLASIFIKASI UMUM,3A,[],[]
PAKAR-0207,pelayanan parah. mengajukan iconnet berkali kali tidak ditanggapi.,pelayanan parah mengajukan iconnet berkali kali tidak ditanggapi,KLASIFIKASI ICONNET,6B,['Feature Design'],['4P']
PAKAR-0208,"terimakasih, respon pengaduannya cepat, pelayanan",terima kasih respon pengaduannya cepat pelayanan,KLASIFIKASI SERVICE 020,1B,[],[]
PAKAR-0209,untuk layanan pasang baru knapa cuma ada propinsi jawa timur aja banten tidak ada?,layanan pasang baru knapa cuma propinsi jawa timur banten tidak,KLASIFIKASI FEATURE DESIGN,4B,['Service O2O'],['1C']
PAKAR-0210,"pelayanan jasa, call center, dan teknisi sangat cepat dan tangkap. pengaduan serta ulasan langsung ditinjau dan ditindak lanjuti. saran saya, ada baiknya diberikan beberapa tutorial berupa penjelasan terkait penggunaan pln mobile.",pelayanan jasa call center teknisi sangat cepat tangkap pengaduan ulasan langsung ditinjau ditindak lanjuti saran baiknya diberikan beberapa tutorial berupa penjelasan terkait penggunaan pln mobile,KLASIFIKASI FEATURE DESIGN,4E,[],[]
PAKAR-0211,aplikasi sangat mendukun untuk pengaduan pln,aplikasi sangat mendukun pengaduan pln,KLASIFIKASI FEATURE DESIGN,4D,[],[]
PAKAR-0212,"aplikasi ini sangat mambantu sekali,mempermudah transaksi.informatif sekali sangat mambantu keseharian untuk dapat info dari pln",aplikasi sangat mambantu sekali mempermudah transaksi informatif sekali sangat mambantu keseharian info pln,KLASIFIKASI UMUM,3A,['Feature Error'],['2B']
PAKAR-0213,dengan pln mobile semua jadi praktis mudah cepat pelayanan prima,pln mobile semua praktis mudah cepat pelayanan prima,KLASIFIKASI UMUM,3A,[],[]
PAKAR-0214,aplikasi nya bagus. respon nya cepat,aplikasi bagus respon cepat,KLASIFIKASI SERVICE 020,1B,[],[]
PAKAR-0215,juoos sangat bermanfaat dalam pelayanan,juoos sangat bermanfaat pelayanan,KLASIFIKASI UMUM,3A,[],[]
PAKAR-0217,mantap dan sangat membantu pelanggan,mantap sangat membantu pelanggan,KLASIFIKASI UMUM,3A,[],[]
PAKAR-0218,petugas gerak cepat dan ramah.,petugas gerak cepat ramah,KLASIFIKASI SERVICE 020,1F,['Service O2O'],['1A']
PAKAR-0219,untuk layanan pengaduan sekarang cukup bagus.,layanan pengaduan sekarang cukup bagus,KLASIFIKASI FEATURE DESIGN,4D,[],[]
PAKAR-0220,pelayanan cepat dan mudah. sangat puas ! terima kasih pln mobile,pelayanan cepat mudah sangat puas terima kasih pln mobile,KLASIFIKASI SERVICE 020,1B,[],[]
PAKAR-0221,lumayan efisien sih tapi sayang kenapa harus ada batasan nya di nya kalo isi sudah tidak bisa isi lagi yaa merepotkan,lumayan efisien sayang batasan kalo isi tidak bisa isi yaa merepotkan,KLASIFIKASI UMUM,3F,[],[]
PAKAR-0222,"aplikasi jelek, saat mau update profil nomor hp, tidak bisa, notifikasi muncul sudah pernah terdaftar, tapi mau login pakai nomor hp yang terdaftar tidak ada juga menu loginnya.",aplikasi jelek mau update profil nomor hp tidak bisa notifikasi muncul pernah terdaftar mau login pakai nomor hp terdaftar tidak menu loginnya,KLASIFIKASI REGISTRATION,5F,['Registration'],"['5A', '5E']"
PAKAR-0223,"aplikasinya sangan membantu, ada info apabila ada pemadaman dan estimasi nyala serta banyak promonya",aplikasinya sangan membantu info apabila pemadaman estimasi nyala banyak promonya,KLASIFIKASI FEATURE DESIGN,4C,['Service O2O'],['1A']
PAKAR-0224,"aplikasi bermanfaat. layanan pengaduan jam, solutif. petugas ramah dan responsif. mantap.",aplikasi bermanfaat layanan pengaduan jam solutif petugas ramah responsif mantap,KLASIFIKASI FEATURE DESIGN,4D,['Service O2O'],['1A']
PAKAR-0225,aplikasi ini sangat penting untuk kami dan baik,aplikasi sangat penting baik,KLASIFIKASI UMUM,3A,[],[]
PAKAR-0226,aplikasi sangat membantu mempermudah pelanggan,aplikasi sangat membantu mempermudah pelanggan,KLASIFIKASI UMUM,3A,[],[]
PAKAR-0227,tidak bisa daftar pasang baru sekarang. tolong di perbaiki erro mulu,tidak bisa daftar pasang baru sekarang perbaiki erro mulu,KLASIFIKASI FEATURE ERROR,2F,['Service O2O'],['1C']
PAKAR-0228,"dalam pengerjaan selalu cepat tanggap, pertahankan dan lebih di tingkatkan saya pengguna pln tanks",pengerjaan selalu cepat tanggap pertahankan lebih tingkatkan pengguna pln tanks,KLASIFIKASI SERVICE 020,1B,[],[]
PAKAR-0229,dengan adanya pln mobile pelaporan dan keluhan masalah listrik bisa segera teratasi. terima kasih pln mobile.,adanya pln mobile pelaporan keluhan masalah listrik bisa segera teratasi terima kasih pln mobile,KLASIFIKASI SERVICE 020,1A,[],[]
PAKAR-0230,sangat recomend apk.smuax makin mudah,sangat recomend aplikasi smuax makin mudah,KLASIFIKASI UMUM,3A,[],[]
PAKAR-0231,"terima kasih aplikasi yang sangat membantu, respon pengaduan juga sangat cepat ditindaklanjuti",terima kasih aplikasi sangat membantu respon pengaduan sangat cepat ditindaklanjuti,KLASIFIKASI SERVICE 020,1B,[],[]
PAKAR-0232,pln memang sangat luar biasa,pln memang sangat luar biasa,KLASIFIKASI UMUM,3A,[],[]
PAKAR-0233,"pengaduan sampe kali tidak dikerjain, tau tau selesai",pengaduan sampe kali tidak dikerjain tau tau selesai,KLASIFIKASI SERVICE 020,1I,[],[]
PAKAR-0234,pln is the best,pln is the best,KLASIFIKASI UMUM,3A,[],[]
PAKAR-0235,aplikasi yang sangat membantu untuk pelaporan gangguan dan penanganan semakin cepat dan mudah,aplikasi sangat membantu pelaporan gangguan penanganan semakin cepat mudah,KLASIFIKASI SERVICE 020,1A,[],[]
PAKAR-0237,ini di aplikasi untuk pemasangan baru ada pilihan yang . tapi pada kenyataannya tanya ke orang pln kok ndak ada ya? kalo emang ndak ada ya gausah dikasih pilihan dong min,aplikasi pemasangan baru pilihan kenyataannya tanya orang pln ndak kalo emang ndak gausah dikasih pilihan min,KLASIFIKASI FEATURE DESIGN,4B,['Service O2O'],['1C']
PAKAR-0238,"aplikasi ini sangat membantu, semoga bisa terus berkembang dan memberikan pelayanan terbaik.",aplikasi sangat membantu semoga bisa terus berkembang memberikan pelayanan terbaik,KLASIFIKASI UMUM,3A,[],[]
PAKAR-0239,"untuk selanjutnya apakah memungkan untuk pembelian token langsung bisa masuk pada mesin meteran tanpa input manual, sepwrti kita beli pulsa hp",selanjutnya memungkan pembelian token langsung bisa masuk mesin meteran input manual sepwrti beli pulsa hp,KLASIFIKASI FEATURE DESIGN,4K,['Feature Error'],['2B']
PAKAR-0240,"membantu sekali, pelayanan ramah",membantu sekali pelayanan ramah,KLASIFIKASI SERVICE 020,1F,[],[]
PAKAR-0241,"aplikasi ini sangat memudahkan proses transaksi pembayaran pln, membantu buat kami yang berada di wilayah terpencil, memudahkan pengaduan dan memberikan antisipasi terhadap gangguan yang akan terjadi",aplikasi sangat memudahkan proses transaksi pembayaran pln membantu buat berada wilayah terpencil memudahkan pengaduan memberikan antisipasi gangguan terjadi,KLASIFIKASI UMUM,3A,['Feature Error'],['2B']
PAKAR-0242,aplikasi yang sangat baik dan bermanfaat,aplikasi sangat baik bermanfaat,KLASIFIKASI UMUM,3A,[],[]
PAKAR-0243,"petugas selalu cepat tanggap, terima kasih sudah memberikan pelayanan terbaik bagi pelanggan.",petugas selalu cepat tanggap terima kasih memberikan pelayanan terbaik pelanggan,KLASIFIKASI SERVICE 020,1B,['Service O2O'],['1A']
PAKAR-0244,kami sangat puas dengan pelayanan petugas,sangat puas pelayanan petugas,KLASIFIKASI SERVICE 020,1F,['Service O2O'],['1A']
PAKAR-0245,mks pln sudah memberikan partnershipln mubile.mks pln,mks pln memberikan partnershipln mobile mks pln,KLASIFIKASI UMUM,3A,[],[]
PAKAR-0246,terima kasih pln sangat aplikadi stvsangt baik buat gangguan,terima kasih pln sangat aplikadi stvsangt baik buat gangguan,KLASIFIKASI FEATURE DESIGN,4D,[],[]
PAKAR-0249,pelayanan ok. cepat dan satpamnya ramah,pelayanan cepat satpamnya ramah,KLASIFIKASI SERVICE 020,1E,[],[]
PAKAR-0250,"dengan adanya pln mobile semua jadi mudah.mulai dari pasang baru meteran,tambah daya.cek tagihan listrik.melapor gangguan listrik praktis banget.apa lagi tampilan aplikasinya mudah di mengerti.maju terus pln",adanya pln mobile semua mudah mulai pasang baru meteran tambah daya cek tagihan listrik melapor gangguan listrik praktis banget apa tampilan aplikasinya mudah mengerti maju terus pln,KLASIFIKASI FEATURE DESIGN,4E,['Service O2O'],"['1A', '1C']"
PAKAR-0251,"kenapa di hp ku tidak bisa di buka,padhl tidak pernh di root.",hp ku tidak bisa buka padhl tidak pernh root,KLASIFIKASI FEATURE ERROR,2A,[],[]
PAKAR-0253,"langsung,di respon oleh pln terkait",langsung respon pln terkait,KLASIFIKASI SERVICE 020,1B,[],[]
PAKAR-0254,baik pelayanannya oke gerak cepat makasi banyak pln mobile kalau ada reting saya reting deh sgitu,baik pelayanannya oke gerak cepat makasi banyak pln mobile reting reting sgitu,KLASIFIKASI SERVICE 020,1B,[],[]
PAKAR-0255,layanan yang mudah di aplikasikan. dan memudahkan pengguna untuk melakukan pengaduan gangguan kelistrikan.,layanan mudah aplikasikan memudahkan pengguna melakukan pengaduan gangguan kelistrikan,KLASIFIKASI FEATURE DESIGN,4D,['Service O2O'],['1A']
PAKAR-0256,mantap pelayanan nya sangat baik,mantap pelayanan sangat baik,KLASIFIKASI SERVICE 020,1B,[],[]
PAKAR-0257,pln mobile luar biasa dengan fitur yang sangat membantu gass ratakann,pln mobile luar biasa fitur sangat membantu gass ratakan,KLASIFIKASI UMUM,3A,[],[]
PAKAR-0258,"aplikasinya bagus,mudah di pakai",aplikasinya bagus mudah pakai,KLASIFIKASI FEATURE DESIGN,4E,[],[]
PAKAR-0259,baik aplikasinya mudah di gunakan,baik aplikasinya mudah gunakan,KLASIFIKASI FEATURE DESIGN,4E,[],[]
PAKAR-0260,kalo misalkan ngadu ingin memindahkan tiang listrik itu bagaimana ya min?,kalo misalkan ngadu memindahkan tiang listrik bagaimana min,KLASIFIKASI FEATURE DESIGN,4D,[],[]
PAKAR-0261,histori penggunaan kok error sih,histori penggunaan error,KLASIFIKASI FEATURE DESIGN,4F,[],[]
PAKAR-0262,aplikasinya sangat baik dan cepat penanganan pengaduan memang pln terbaik,aplikasinya sangat baik cepat penanganan pengaduan memang pln terbaik,KLASIFIKASI SERVICE 020,1B,[],[]
PAKAR-0263,sangat terbantu sekali dengan aplikasi ini,sangat terbantu sekali aplikasi,KLASIFIKASI UMUM,3A,[],[]
PAKAR-0264,penanganan cepat terima kasih pln,penanganan cepat terima kasih pln,KLASIFIKASI SERVICE 020,1B,[],[]
PAKAR-0265,error ketika memasukkan nomor hp.,error memasukkan nomor hp,KLASIFIKASI REGISTRATION,5F,['Registration'],['5E']
PAKAR-0266,semoga lebih baik pelayanan kedepan nya.,semoga lebih baik pelayanan kedepan,KLASIFIKASI UMUM,3A,[],[]
PAKAR-0267,aplikasi pln mudah digunakan dan sangat bermanfaat,aplikasi pln mudah digunakan sangat bermanfaat,KLASIFIKASI FEATURE DESIGN,4E,[],[]
PAKAR-0270,selalu berikan yang terbaik. terima kasih pln,selalu berikan terbaik terima kasih pln,KLASIFIKASI UMUM,3A,[],[]
PAKAR-0271,aplikasi yang membantu dan mudah digunakan dimana saja,aplikasi membantu mudah digunakan,KLASIFIKASI FEATURE DESIGN,4E,[],[]
PAKAR-0272,nice. aplikasi ini sangat membantu saya pribadi maupun bgi bnyk orang sebagai para pelanggan pln,nice aplikasi sangat membantu pribadi maupun bgi bnyk orang pelanggan pln,KLASIFIKASI UMUM,3A,[],[]
PAKAR-0273,aplikasi pln mobile sangat membantu pelanggan dalam menyampaikan keluhan ataupun gangguan terkait kelistrikan. respon sangat cepat. maju terus pln,aplikasi pln mobile sangat membantu pelanggan menyampaikan keluhan ataupun gangguan terkait kelistrikan respon sangat cepat maju terus pln,KLASIFIKASI SERVICE 020,1B,['Feature Error'],['2C']
PAKAR-0274,untuk proses tambah daya mudah sangat membantu. terima kasih pln,proses tambah daya mudah sangat membantu terima kasih pln,KLASIFIKASI FEATURE DESIGN,4B,['Service O2O'],['1C']
PAKAR-0275,"informasi cepat diterima, lbih mudah pembelian token",informasi cepat diterima lbih mudah pembelian token,KLASIFIKASI FEATURE DESIGN,4A,['Feature Error'],['2B']
PAKAR-0276,update info pln lebih mudah,update info pln lebih mudah,KLASIFIKASI UMUM,3A,[],[]
PAKAR-0278,listrik di rumah terasa tidak stabil jangan diabaikan kondisi spanning bisa menjadi tanda awal gangguan kelistrikan yang berisiko menimbulkan kerusakan alat elektronik hingga kebakaran jika mengalami tandatanda ini segera laporkan melalui pln mobile,listrik rumah terasa tidak stabil jangan diabaikan kondisi spanning bisa menjadi tanda awal gangguan kelistrikan berisiko menimbulkan kerusakan alat elektronik kebakaran mengalami tandatanda segera laporkan melalui pln mobile,KLASIFIKASI FEATURE DESIGN,4D,[],[]
PAKAR-0280,barang siapa mempermudah urusan orang lain niscaya allah akan memudahkan urusan di dunia dan akhirat itu seperti pln mobile yang memudahkan segala urusan tentang kelistrikan semoga pln semakin jaya,barang siapa mempermudah urusan orang niscaya allah memudahkan urusan dunia akhirat pln mobile memudahkan segala urusan kelistrikan semoga pln semakin jaya,KLASIFIKASI UMUM,3A,[],[]
PAKAR-0281,pln mobile aplikasi yang sangat membantu dan memudahkan mulai dari cek tagihanbeli tokenbayar listrik bulananhingga sampai pengajuan dan laporan gangguan juga bisa ditambah dengan fitur yang semakin kerenpln mobile handal terbaik dan mantap terima kasih,pln mobile aplikasi sangat membantu memudahkan mulai cek tagihanbeli tokenbayar listrik bulananhingga pengajuan laporan gangguan bisa ditambah fitur semakin kerenpun mobile handal terbaik mantap terima kasih,KLASIFIKASI UMUM,3A,['Service O2O'],['1A']
PAKAR-0282,sinergi layanan pln kepada pelanggan pln mobile benarbenar memudahkan urusan listrik dari pembelian token cek tagihan hingga laporan gangguan semua bisa dilakukan di satu aplikasi mantap pln,sinergi layanan pln pelanggan pln mobile benarbenar memudahkan urusan listrik pembelian token cek tagihan laporan gangguan semua bisa dilakukan satu aplikasi mantap pln,KLASIFIKASI UMUM,3A,"['Feature Error', 'Service O2O']","['1A', '2B']"
PAKAR-0283,jangan biarkan urusan listrik menghambat produktivitasmu pantau bayar dan adukan masalah hanya dalam satu aplikasi ya itu pln mobile,jangan biarkan urusan listrik menghambat produktivitasmu pantau bayar adukan masalah satu aplikasi pln mobile,KLASIFIKASI UMUM,3A,['Feature Error'],['2C']
PAKAR-0284,aplikasi pln mobile sangat membantu saya dalam melakukan transaksi listrik mudah digunakan cepat dan aman saya bisa membayar tagihan listrik mengecek penggunaan listrik dan bahkan mengajukan permohonan listrik baru dengan mudah terima kasih pln,aplikasi pln mobile sangat membantu melakukan transaksi listrik mudah digunakan cepat aman bisa membayar tagihan listrik mengecek penggunaan listrik bahkan mengajukan permohonan listrik baru mudah terima kasih pln,KLASIFIKASI FEATURE DESIGN,4A,['Feature Error'],"['2B', '2C']"
PAKAR-0286,aplikasi pln mobile sangatlah mempermudahkan saya dalam melakukan aktivitas saya yang bersangkutan dengan hal menyangkut kelistrikanpln,aplikasi pln mobile sangatlah mempermudahkan melakukan aktivitas bersangkutan menyangkut kelistrikanpln,KLASIFIKASI UMUM,3A,['Feature Error'],['2C']
PAKAR-0287,dimana punkapan pun bisadengan aplikasi pln mobilesemua jadi mudah,unkapan bisadengan aplikasi pln mobilesemua mudah,KLASIFIKASI UMUM,3A,[],[]
PAKAR-0288,overall pln mobile adalah solusi listrik pintar yang wajib diinstall,overall pln mobile solusi listrik pintar wajib diinstall,KLASIFIKASI UMUM,3A,[],[]
PAKAR-0289,pengaduan yang diajukan melalui pln mobile langsung direspons dengan cepat oleh petugas yang melayani dengan baik,pengaduan diajukan melalui pln mobile langsung direspons cepat petugas melayani baik,KLASIFIKASI SERVICE 020,1B,['Service O2O'],['1A']
PAKAR-0291,repost ketika kamu melihat adanya gangguan kelistrikan di sekitarmu seperti korslet atau bahkan percikan api pada tiang listrik yang tentunya membahayakan masyarakat laporkan segera gangguan tersebut dengan cepat melalui fitur pengaduan di pln mobile,repost melihat adanya gangguan kelistrikan sekitarmu korslet bahkan percikan api tiang listrik tentunya membahayakan masyarakat laporkan segera gangguan cepat melalui fitur pengaduan pln mobile,KLASIFIKASI FEATURE DESIGN,4D,['Feature Error'],['2D']
PAKAR-0292,repost geser dongg yup pln mobile sekarang hadir dengan tampilan yang lebih segar lengkap dengan berbagai fitur yang memenuhi kebutuhan kelistrikan kita mulai dari bayar listrik pra dan pascabayar catat meter mandiri,repost geser dongg yup pln mobile sekarang hadir tampilan lebih segar lengkap berbagai fitur memenuhi kebutuhan kelistrikan mulai bayar listrik pra pascabayar catat meter mandiri,KLASIFIKASI FEATURE DESIGN,4E,"['Feature Error', 'Service O2O']","['1D', '2H']"
PAKAR-0293,aplikasi pln mobile sangat membantu layanan jadi lebih cepat dan praktis mulai dari cek tagihan pembelian token sampai lapor gangguan semuanya mudah tampilan aplikasinya juga makin baik dan responsif terima kasih pln semoga ke depannya makin ditingkatkan lagi,aplikasi pln mobile sangat membantu layanan lebih cepat praktis mulai cek tagihan pembelian token lapor gangguan semuanya mudah tampilan aplikasinya makin baik responsif terima kasih pln semoga depannya makin ditingkatkan,KLASIFIKASI FEATURE DESIGN,4E,"['Feature Error', 'Service O2O']","['1A', '2B', '2C']"
PAKAR-0294,aplikasi pln mobile sangat baik dan membantu banget buat saya yang tinggal di daerah t,aplikasi pln mobile sangat baik membantu banget buat tinggal daerah,KLASIFIKASI UMUM,3A,['Feature Error'],['2C']
PAKAR-0295,gemes banget aplikasi pln mobile bikin bayar listrik jadi gampang bisa cek tagihan isi token sama lapor gangguan tanpa rumit cukup download daftar dan kamu siap sangat membantu tidak perlu antri lagi di loket semua bisa diurus lewat aplikasi fiturfiturnya lengkap dan mudah dipake saya suka designnya simpel dan intuitif cek riwayat transaksi juga bisa jadi tidak takut lupa bayar,gemes banget aplikasi pln mobile bikin bayar listrik gampang bisa cek tagihan isi token sama lapor gangguan rumit cukup download daftar siap sangat membantu tidak perlu antri loket semua bisa diurus lewat aplikasi fiturfiturnya lengkap mudah dipake suka designnya simpel intuitif cek riwayat transaksi bisa tidak takut lupa bayar,KLASIFIKASI FEATURE DESIGN,4E,"['Feature Error', 'Service O2O']","['1A', '2B', '2C']"
PAKAR-0296,mudah digunakan aplikasi pln mobile sangat membantu untk prlayann listrikdari swcmpembelian token pembyran tgihan listrikpasang baru paunun tmbh daya dan laporan gangguanmash banyak yang lainnya di dalam app pln mobail terbaik pokoknya,mudah digunakan aplikasi pln mobile sangat membantu untk pelayann listrikdari swcmpembelian token pembyran tgihan listrikpasang baru panun tmbh daya laporan gangguanmash banyak lainnya app pln mobail terbaik pokoknya,KLASIFIKASI FEATURE DESIGN,4I,['Feature Error'],"['2B', '2C']"
PAKAR-0297,ada fitur pln mobile sangat membantu,fitur pln mobile sangat membantu,KLASIFIKASI UMUM,3A,[],[]
PAKAR-0300,ada masalah dengan listrik di rumah anda aplikasi pln mobile solusinya,masalah listrik rumah aplikasi pln mobile solusinya,KLASIFIKASI UMUM,3A,['Feature Error'],['2C']
