Token OOV,Frekuensi
iconnet,1733
swacam,1239
up3,532
spklu,490
fitur2,442
2x,433
tiba2,387
electrizen,380
sangat2,279
3x,273
repot2,201
benar2,186
mudah2an,170
berkali2,163
apa2,163
ramah2,147
bisa2,137
lain2,132
bener2,131
1x24,130
promo2,129
24jam,123
fitur2nya,121
info2,120
qris,113
bapak2,104
gara2,102
masuk2,95
900va,90
4x,89
muter2,88
jauh2,87
1jam,80
5x,77
100rb,74
r2,73
malam2,72
kira2,60
50rb,55
3jam,54
baik2,52
200rb,51
pln123,51
orang2,50
berjam2,50
4g,49
r1,48
1x,47
20rb,46
buang2,45
rata2,44
tau2,43
30menit,43
ujung2nya,43
muncul2,42
p2tl,42
k3,42
2hari,41
sering2,40
bulan2,40
lama2,39
b1,39
losstrom,39
ribet2,38
bpk2,38
teman2,38
nyala2,37
r1m,37
informasi2,36
500rb,36
10x,36
akhir2,36
v003,35
betul2,35
sehat2,35
2jam,34
icconet,34
50k,33
hati2,33
berhari2,32
keluhan2,32
s2jb,31
sama2,31
sehari2,30
stroomnet,29
jelas2,29
ibu2,29
hal2,29
mudah2,28
450va,28
datang2,28
5rb,28
3hari,28
lancar2,28
masing2,28
berulang2,27
1bulan,27
petugas2,27
iconnetnya,27
abal2,27
ujung2,26
100k,26
susah2,26
kaki2,26
capek2,26
1300va,25
awal2,25
menu2,24
iconcash,24
1jt,23
spbklu,23
listriqu,22
v005,22
2bulan,22
bertele2,22
pencet2,22
v5,21
sia2,21
3x24,21
10menit,21
siap2,20
kadang2,20
berbelit2,20
mentang2,20
5menit,20
malem2,20
5jam,20
450v,20
mudah2n,20
plnmobil,19
program2,19
marah2,19
900v,19
covid19,19
10rb,19
cek2,18
membagongkan,18
oknum2,18
cari2,18
mati2,18
20k,18
cape2,18
300rb,18
kata2,17
klik2,17
boro2,17
dateng2,17
1minggu,17
1x24jam,17
10k,17
5k,17
6x,17
1hari,17
bner2,17
gelap2an,17
itu2,17
15menit,17
2x24,16
5g,16
anak2,16
alat2,16
kemana2,16
900watt,16
mahal2,16
selesai2,16
ngapa2in,16
jam2,15
coba2,15
kelar2,15
2kali,15
v004,15
esp32,15
kendala2,15
r1t,15
m0bile,15
aman2,15
data2,15
keluar2,15
elektrizen,15
masalah2,14
bayar2,14
2minggu,14
kemarin2,14
asal2an,14
12jam,14
30mnt,14
berturut2,14
bnr2,14
6jam,14
5jt,13
barang2,13
tipu2,13
bisa2nya,13
3t,13
100ribu,13
10mnt,13
pagi2,13
cc123,13
sampai2,13
hidup2,13
400rb,13
ganteng2,13
tunggu2,12
rekan2,12
kirim2,12
daerah2,12
kawan2,12
temen2,12
9jt,12
plnobile,12
3bulan,12
abang2,12
4jam,12
mantuull,12
aneh2,12
buru2,12
dikit2,12
b5,11
2jt,11
ke3,11
tanya2,11
kabel2,11
sewaktu2,11
20mbps,11
balik2,11
ulang2,11
gercepnya,11
apa2in,11
200k,11
220v,11
900w,11
update2,11
desa2,11
100x,11
diapa2in,11
10hari,11
20menit,10
org2,10
syarat2,10
q1,10
chat123,10
mobil3,10
petugas2nya,10
3kali,10
200ribu,10
berbulan2,10
tanda2,10
00wib,10
2200va,10
gitu2,10
normal2,10
4hari,10
kita2,10
150rb,10
500k,10
kantor2,9
shoopepay,9
sampe2,9
pasang2,9
9x,9
450w,9
aplikasi2,9
ditunggu2,9
mlm2,9
muda2han,9
apa2an,9
bagus2,9
7x,9
2bln,9
tambadaya,9
produk2,9
mdh2an,9
t4,9
v002,9
banyak2,9
50ribu,9
langkah2,9
inovasi2,9
dtg2,9
bertahun2,9
promo2nya,9
pelosok2,9
cepet2,9
tmn2,8
rumah2,8
4kali,8
spklunya,8
pengaduan2,8
hujan2,8
900kwh,8
satu2nya,8
30hari,8
seolah2,8
respon2,8
ke2,8
l2,8
jangan2,8
macam2,8
petugasnyapun,8
700rb,8
mdh2n,8
terus2an,8
mudah2han,8
3hr,8
jalan2,8
mas2,8
5hari,8
dipasang2,8
calo2,8
sopan2,8
900wat,8
diulang2,8
beda2,8
1bln,8
lapor2,8
5ribu,8
250mb,8
45menit,7
kemudahan2,7
mobilesangat,7
tokenpun,7
sok2an,7
nanya2,7
up2d,7
menu2nya,7
sebelum2nya,7
20ribu,7
mantap2,7
sumoharyanto,7
10a,7
pungli2,7
malu2in,7
5kali,7
m3mbantu,7
20x,7
satsetsatset,7
laporan2,7
enak2,7
yt115,7
v029,7
lain2nya,7
18jt,7
bintang1,7
dimana2,7
gaskeun,7
iconetnya,7
r4,7
600rb,7
bintang2,7
sungguh2,7
iconpay,7
kemaren2,7
nomor2,7
lagi2,7
ganti2,7
embel2,7
bs2,7
pitur2,7
3jt,6
10jam,6
kaleng2,6
abu2,6
300k,6
kali2,6
1thn,6
200an,6
angkat2,6
jaga2,6
7hari,6
abg2,6
elsewedy,6
50jt,6
event2,6
nongol2,6
8jam,6
30rb,6
beres2,6
abangkuhh,6
dikelistrikan,6
buka2,6
biaya2,6
ccs2,6
15mnt,6
pengaduanpun,6
20rbu,6
25rb,6
janji2,6
ragu2,6
syukur2,6
60rb,6
8x,6
0ln,6
jgn2,6
emak2,6
ilang2,6
12malam,6
k2,6
saat2,6
iming2,6
dikirim2,6
v00,6
pikir2,6
gangguan2,6
main2,6
tetangga2,5
isdebes,5
0k,5
u17,5
gagal2,5
plyananya,5
iconett,5
keren2,5
4jt,5
iseng2,5
ar125,5
baca2,5
pusing2,5
1th,5
turun2,5
1pun,5
v2610,5
ecek2,5
8pagi,5
plnmobie,5
bapa2,5
telpon2,5
lampu2,5
3bln,5
isdebest,5
callcenternya,5
250rb,5
kluar2,5
5mnit,5
1hr,5
50mbps,5
tergercep,5
berubah2,5
hari2,5
urus2,5
mana2,5
laki2,5
moga2,5
800rb,5
dulu2,5
sangatbantu,5
proses2,5
55jt,5
450watt,5
nyari2,5
fitu2,5
imformsih,5
sudah2,5
os50,5
gudjob,5
2rb,5
diskon2,5
1juta,5
satu2,5
4bulan,5
gangguanlistrik,5
15rb,5
watwet,5
nunggu2,5
ahir2,5
bentar2,5
subuh2,5
amit2,5
hadiah2,5
pengangaduan,5
5bintang,4
500kb,4
nyambung2,4
surat2,4
ngabis2in,4
10hr,4
tas2nya,4
350rb,4
6jt,4
tahu2,4
semuasemakinmudah,4
x2,4
170v,4
7jam,4
1300watt,4
gerceepp,4
rama2,4
akmalaputri,4
b3,4
stroomnetnya,4
6kali,4
sangt2,4
bacameter,4
g20,4
situ2,4
tanggung2,4
8an,4
700k,4
rame2,4
salah2,4
a71,4
100rbu,4
4x24,4
pelayanancepat,4
3menit,4
masa2,4
liat2,4
orng2,4
nama2,4
5mnt,4
900rb,4
bln2,4
jqr,4
losstro,4
gedor2,4
24jm,4
apl8kasi,4
pascaterhubungnya,4
5d,4
undian2,4
a1,4
manjat2,4
20hari,4
2th,4
lebih2,4
voucher2,4
berbeda2,4
ada2,4
akal2an,4
23rb,4
fiture2,4
300ribu,4
point2,4
2thn,4
s1,4
urusan2,4
tlp123,4
10mbps,4
kakak2,4
rp19,4
up3b,4
2tahun,4
s2,4
70rb,4
bpak2,4
50rbu,4
setengah2,4
pitur2nya,4
berhati2,4
m9bile,4
rp114,4
sensor2,4
icconect,4
10m,4
jeglek2,4
100mbps,4
900kva,4
6bulan,4
300an,4
foto2,4
macem2,4
s23,4
pembeliantoken,3
pa2,3
1m,3
kedip2,3
berkata2,3
titik2,3
gede2,3
isthebest,3
3dulu,3
10thn,3
jam7,3
iklan2,3
15jt,3
ketik2,3
10jt,3
pertokenan,3
parah2,3
3hri,3
ngomel2,3
membelibtoken,3
mutar2,3
46wib,3
diem2,3
30menitan,3
bukti2,3
r1mt,3
lemot2,3
cara2,3
sebaik2nya,3
kenapa2,3
400k,3
putus2,3
c4,3
bagi2,3
1rb,3
neko2,3
t4i,3
ngecek2,3
sikarannuang,3
adik2,3
1x3,3
transaksi2,3
2pagi,3
2x24jam,3
500ribu,3
600an,3
bonus2,3
was2,3
bentak2,3
1300kwh,3
1x6,3
pihak2,3
ngulang2,3
x3,3
tersambung2,3
2menit,3
soliidd,3
swapcamnya,3
bahan2,3
sekali2,3
menuh2in,3
kmrn2,3
agak2,3
d3ngan,3
besok2,3
poin2,3
seakan2,3
vitur2,3
iya2,3
pelayanan2,3
alih2,3
lempar2an,3
180v,3
r15,3
0engaduan,3
swascan,3
idup2,3
diangkat2,3
josjiss,3
aplikasisangat,3
kmaren2,3
1300v,3
5bulan,3
40menit,3
150kv,3
ibuk2,3
12v,3
pura2,3
segercep,3
layanan2,3
mencari2,3
d3,3
direspon2,3
190v,3
awokawok,3
3phase,3
login2,3
kampung2,3
30wib,3
putar2,3
2kli,3
jarang2,3
bank2,3
bintang10,3
panas2an,3
beli2,3
450wat,3
byr2,3
20mnt,3
ujungnya2,3
25k,3
plnmobael,3
baru2,3
b2,3
150v,3
30mbps,3
stromnet,3
1jm,3
100kwh,3
naik2,3
lempar2,3
fungsi2,3
up3tual,3
plnmobaile,3
tagihan2,3
a54,3
tb2,3
20mb,3
mati2in,3
5kwh,3
pelan2,3
cepat2,3
b3st,3
awal2nya,3
rp8,3
pelanggan2,3
2mbps,3
3s,3
5juta,3
daftar2,3
1080p,3
mantappln,3
4bintang,3
brkali2,3
1kwh,3
sodara2,3
pas2an,3
tr451,3
halo2,3
plmobile,3
danpenanganan,3
diskon2nya,3
menunda2,3
langkah2nya,3
350k,3
puter2,3
jau2,3
50persen,3
pilih2,3
saudara2,3
4gb,3
dicari2,3
asik2,3
5mbps,3
bos2,3
30an,3
v001,3
eror2,3
drop2,3
suka2,3
sok2,3
itung2,3
3m,3
aplikas8nya,3
3x24jam,3
i2,3
220volt,3
pegawai2,3
450kwh,3
t41,2
mirip2,2
jam8,2
gaskeuun,2
pascagangguan,2
v10,2
hanupis,2
terobosan2,2
suuiipp,2
magrib2,2
150k,2
listrikrumah,2
2mb,2
400rban,2
abis2in,2
kar4na,2
35mbps,2
gamasuk2,2
goodpln,2
jam10,2
850rb,2
bisaelaporkan,2
9k,2
s3kali,2
tiba3,2
mending2,2
900vol,2
negara2,2
700rbu,2
tr0,2
keplosok2,2
bapak2nya,2
gila2,2
ganguan2,2
4k,2
kacau2,2
9pagi,2
beesstt,2
hilang2,2
dantingkatkan,2
38b,2
2mingguan,2
upgrade2,2
1an,2
75k,2
swacamera,2
minginformasih,2
a10,2
ngisi2,2
120rb,2
12digit,2
allowalet,2
plyannyaa,2
rp324,2
berebetkeun,2
6an,2
propalainer,2
20jt,2
berita2,2
okt23,2
160v,2
listritiku,2
5star,2
crew2,2
pelayanansangat,2
dua2nya,2
markottoopp,2
cop28,2
istilah2,2
gaberguna,2
drama2,2
4hr,2
outlet2,2
s3karang,2
30m,2
3minggu,2
maen2,2
dulur2,2
bagu2,2
lnwn8494,2
160volt,2
sqlgrammarexception,2
iconectnya,2
bsa2,2
garcepnya,2
tebak2,2
responnyapun,2
mobilevsangat,2
14hari,2
s3moga,2
trimakadij,2
22nya,2
mantulbagus,2
up3bandengan,2
2hr,2
3km,2
maaciihh,2
valdrinit,2
kejar2,2
sejelas2nya,2
100mb,2
5detik,2
trus2an,2
lagipelayanan,2
olyannya,2
s24,2
6sore,2
mobilemantap,2
nosuap,2
kr2,2
crcsulc,2
fullservis,2
dtang2,2
tr901,2
segala2nya,2
jkt48,2
rt02,2
123nya,2
trimakasihpln,2
swacme,2
buat2,2
rubah2,2
dedieselisasi,2
31jt,2
125cc,2
3mnt,2
rt1,2
155rb,2
sudamenyediakan,2
gimana2,2
didoson,2
12rb,2
sekelangkong,2
mereka2,2
900wt,2
50an,2
diputer2,2
rp500,2
makasihpln,2
15menitan,2
tiap2,2
kata2nya,2
rp300,2
m2,2
kam8,2
jugabaik,2
diam2,2
judes2,2
jam5,2
notifikasiin,2
4april,2
aplksiny,2
playleter,2
1menit,2
saudara2ku,2
waktu2,2
acak2an,2
200mbps,2
losstroom,2
1juli,2
polcasan,2
nemmoh,2
a4,2
ter8ma,2
berita2nya,2
valorant,2
7700va,2
35b,2
macet2,2
featur2,2
y39ikc,2
ae101,2
oke2,2
sangatburuk,2
notdetected,2
n0,2
plnnmobile,2
tiket2,2
info2nya,2
kota2,2
dispklu,2
warukawung,2
pegawai2nya,2
60hari,2
00wita,2
200v,2
ogah2an,2
4star,2
mesin2,2
3jm,2
kotos2,2
tambahbdaya,2
plnkarena,2
layang2,2
rp13,2
kekntr,2
beliau2,2
sgt2,2
market2,2
minta2,2
set2,2
sp3,2
that2,2
pinter2,2
160an,2
komplen2,2
plyannyyanya,2
7hri,2
2m,2
2malem,2
plyamnnya,2
a0k,2
jossgandos,2
rp1,2
grosspidol,2
permasalah2,2
v006,2
rp0,2
rubahdaya,2
plyannga,2
pitur2nyapun,2
kmren2,2
super2,2
2orang,2
z1,2
calo2an,2
7rb,2
ngapain2,2
in8,2
error2,2
ngemis2,2
sukses2,2
9malam,2
plniconplus,2
admin2,2
478k,2
gsnggusn,2
bsk2,2
tuktrek,2
duduk2,2
seumur2,2
gr2,2
kode2,2
aquabike,2
r3,2
1kan,2
30jt,2
sebanyak2nya,2
alikuwa,2
11jt,2
bp2,2
econetnya,2
0pn,2
losstom,2
bntukami,2
gaya2,2
koar2,2
anak2nya,2
gt2,2
mobileproses,2
7k,2
tanesco,2
sisa2,2
plnmobail,2
6a,2
reward2,2
debestt,2
3dlu,2
mp4,2
x24,2
15juta,2
cpek2,2
firur2,2
pln2,2
dinpln,2
sangat3x,2
aplikasinpln,2
tulisan2,2
sekarang2,2
300va,2
udah2,2
benar2x,2
betol2,2
p3k,2
24mm,2
sebesar2nya,2
8ni,2
mudh2,2
dijam2,2
0elayanan,2
andbeautiful,2
bawa2,2
mau2,2
dimeterannya,2
betele2,2
setinggi2,2
gra2,2
denganpln,2
300kwh,2
inget2,2
mudh2n,2
4rumah,2
bpa2,2
rp10,2
mncul2,2
belit2,2
gampang2,2
2jm,2
sopepay,2
berminggu2,2
terkirim2,2
kerabat2,2
7an,2
v020,2
sebentar2,2
rp200,2
1tahun,2
m6,2
2bh,2
pkpinang,2
balas2,2
ujng2ny,2
ramah2nya,2
cukurukuk,2
listrik2,2
200rbu,2
ulc1,2
rd6,2
b40,2
sedikit2,2
lain2x,2
s9,2
telfon2,2
dimarah2,2
kelistrikankan,2
forclose,2
prepaidnya,2
pemberatuhan,2
jossjiss,2
mati2an,2
swaktu2,2
0pln,2
5m,2
keaplikasinya,2
seumideun,2
jayajayajaya,2
tercovered,2
11an,2
cakep2,2
dapat2,2
3nya,2
btul2,2
2xx,2
voo4,2
bolak2,2
tau2nya,2
30hri,2
1malam,2
10mnit,2
siapa2,2
plynnyan,2
grecepp,2
2xlipat,2
tarif2,2
bersiap2,2
220cc,2
20kv,2
17jt,2
josspar,2
dasar2,2
52ribu,2
angel2,2
ke1,2
didaerah2,2
up3l,2
1300kva,2
pascabyr,2
cara2nya,2
90rb,2
virtualaccount,2
bejam2,2
kos2an,2
murah2,2
00an,2
very2,2
307rb,2
jam12,2
m3mbeli,2
plosok2,2
ketemu2,2
5nya,2
mantabz00ss,2
bunyi2,2
kelistristrikan,2
payletter,2
20digit,2
telat2,2
1mlm,2
pindah2,2
syarat2nya,2
anda2,2
95rb,2
plnmobeli,2
sangat2x,2
mantulity,2
om2,2
unit2,2
20ribuan,2
a51,2
electrimate,2
90k,2
mutet2,2
17jam,2
saran2,2
set6,2
aplkasibpln,2
losstrim,2
5jeti,2
msntsp,2
2pk,2
1nya,2
swecem,2
80k,2
media2,2
leg2,2
rw1,2
up2b,2
sabar2,2
dibales2,2
2lembar,2
repotlagi,2
250ribu,2
mobil2,2
tahun2,2
ade2,2
antri2,2
lari2,2
1mgg,2
3hp,2
0ke,2
16jam,2
scamacca,2
manttuull,2
11t,2
430rb,2
volsentase,2
9kali,2
no1,2
loading2,2
13jt,2
6600va,2
a5s,2
bisabayar,2
mdh2,2
mengulang2,2
900k,2
800k,2
ke1300,2
4juta,2
3d,2
nelpon2,2
acara2,2
disuruh2,2
harga2,2
p150x,2
2digit,2
rp1750,2
1x6jam,2
rajin2,2
gelap2,2
muantull,2
swacamenya,2
taynew,2
apk2,2
180rb,2
pemasanganbaru,2
moel7azqr,2
a55,2
pohon2,2
manis2,2
bertanya2,2
rw02,2
400ribu,2
2nd,2
7kwh,2
kentang2,2
10an,2
inconnetnya,2
p3ngaduan,2
tersolved,2
10meter,2
sangatmemudahkan,2
b2b,2
padam2,2
140v,2
200rban,2
kecil2,2
10juta,2
voucer2,2
kelistrikanpln,2
tr1,2
mananananana,1
prosespelaporan,1
0leh,1
juli22,1
trimkasihmu,1
nggakribet,1
pnymbungan,1
pakontaki,1
10gb,1
warrbiasaa,1
anggota2,1
baik2bgt,1
memudkn,1
berganti2,1
sehari2nya,1
sharlok,1
brimtnya,1
gunakanblaporan,1
brjam2,1
pelsnghal,1
ini2021,1
21sept,1
ditnafan,1
bae2,1
normalsaya,1
dihistory,1
14juli,1
32mb,1
2listrikk,1
00idpel,1
dgnpln,1
oper2encet,1
sport2,1
0thanks,1
bagaimanapengajuannya,1
mobileurusan,1
tahan2,1
sepponsif,1
900kh,1
plyaannan,1
korfinadi,1
5januari,1
gridless,1
hdewhh,1
pegawe2,1
p3layananya,1
laporankeluhan,1
bejirr,1
dbyarkn,1
sangtmembtu,1
uemgwe,1
2021ko,1
10kali,1
lumens2an,1
2alau,1
sybtwrbantu,1
menanjakss,1
sma2,1
terputus2,1
ag2ak,1
djancookk,1
tiba2x,1
sngaja2,1
emangantab,1
knlantor,1
memudhkansekali,1
wonoxx,1
pengaduangangguan,1
mobilejadi,1
280rb,1
kewer2,1
kengnamping,1
susah2x,1
rt005,1
a04e,1
mgisuper,1
trouble2,1
abanggkuu,1
fkme18umq2tlxhes3ufdqzvuprc9bsolpmdid3ihpump,1
tempatyangstrategis,1
heemzdg,1
dipacpatching,1
memginformasih,1
superdupertopss,1
dasar2nya,1
makotoopp,1
tihang2,1
tetangga2nya,1
berwarawiri,1
aplikasinyabagus,1
lqh,1
pttzhn,1
josstoll,1
pengdanx,1
g3nggaman,1
terbantuterimakasih,1
situbolang,1
ram8gb,1
diperbaikibiar,1
rellistjadi,1
mengatasingangguan,1
manjalita,1
y12,1
pesan2,1
pangururan6,1
sayatambah,1
infogatrik,1
cisaat51,1
detik2,1
2kipas,1
awowkowkwowkwowk,1
bg0,1
aplikasiboln,1
koruptor2,1
bug2an,1
konsumen2x,1
370watt,1
400v,1
tlogopacing,1
denganbpln,1
lagivterimakasi,1
warga2,1
pebeccek,1
barutinggal,1
biayalebih,1
sekarangpemakaian,1
30thn,1
kedesa2,1
denganplnmobil,1
brkandala,1
belubtiken,1
4u,1
update2an,1
plnmoblie,1
membatuterimakasih,1
binatang2,1
iconup,1
xnqaty,1
yubarikkum,1
30rbu,1
soobjun,1
mudah2x,1
coeatt,1
chmaym,1
ynd135,1
bakubise,1
resfonsibe,1
bnyaknfitur,1
1mggu,1
uyu2,1
danvtanggspan,1
pembaysrbn,1
gxoake,1
d9,1
barukenapa,1
maigoott,1
rp3,1
ditugumulyo,1
grecep2,1
lostroom,1
sayangnyatidak,1
ke81,1
p3layanannya,1
lowvolt,1
miyeyusho,1
100kb,1
halenyampaikan,1
playannua,1
70kwh,1
petugasjg,1
kitaembuat,1
appmobile,1
jrang2,1
nyaembantu,1
sogok2,1
100persen,1
inibsngt,1
cobuq8m,1
2ribu,1
6rmh,1
nsgsri,1
gknjelas,1
clear2,1
ktrngannya,1
tabggagi,1
datamg2,1
mhicat,1
h1,1
zdhqxk,1
yifirimbi,1
inahitajika,1
fitur2yg,1
a8,1
kenek2,1
2s,1
gereceup,1
tfyibrit,1
tengukadangbinfonya,1
bkrjslgrakyatbyr,1
mempercepatpemuliha,1
nyolok2in,1
maanntaap,1
template2,1
trs2an,1
plyannza,1
terveritifiasi,1
bagiannpembayaran,1
penangananaplikasinya,1
sangaatmrmbantu,1
konfirmasibreset,1
hancur2an,1
tenciuu,1
transaksibanyak,1
diresponlaporan,1
semakaingg,1
telat2bayar,1
mobilememang,1
plngann,1
nobtoken,1
sewakanda,1
jd1,1
bego2,1
josszz,1
semakinnsju,1
2xnya,1
tugas2nya,1
mazuk2,1
gatchorr,1
gangguandi,1
promonyanmakin,1
kegunaan2,1
diliat2,1
sedsrhakan,1
200jt,1
roda2,1
4nyala,1
cpt2,1
dureza65,1
terindikisai,1
geubleug,1
mudahxektagihan,1
indrahulu,1
68jt,1
walaupunsdh,1
pasang450va,1
ameejzziingg,1
hayylife,1
3pase,1
abr4yz,1
paraboetygas,1
umbar2,1
hmgangguqn,1
mantabbpp,1
100rbuan,1
bajing2,1
petunjuk2,1
dokumen2,1
plnmobilein,1
vivoy19,1
futureor,1
8jt,1
masalahpengaduan,1
bankbhaxa,1
mobileembantu,1
plyannayya,1
masalahistrik,1
amnjaayy,1
loginnlahi,1
maszehh,1
opo2,1
gila2an,1
dilnjtkn,1
anjgngvbfhb,1
mempermudahnl,1
up3medan,1
disekojo,1
meleedaak,1
rp480,1
mendounlode,1
mobileemang,1
terobosan2x,1
grogol01,1
wallet2,1
67kwh,1
ulalalalaa,1
tokennlistrik,1
lengkapidiri,1
taktambahi,1
kedaerah2,1
rekomnts,1
kepropesinalnya,1
mobile2,1
45mnt,1
foonrc,1
makasiihpln,1
bagusnpelayannya,1
jauhbsangat,1
alhmduliahh,1
natar541,1
sentrakota,1
mnjengekelkan,1
kelestirikan,1
beluaplikasix,1
aplikasi6,1
namidras,1
2400va,1
sdh2x,1
semangkinmempermudah,1
hp1,1
cabe2n,1
lemahjungkur,1
smpai2,1
s3mua,1
550m,1
banner2,1
halbkelistrikan,1
aplikasibpln,1
top22,1
oalikasihvsangat,1
saldonyanya,1
paling2,1
tr2,1
pateninterus,1
panas2nya,1
s3ring,1
keybotnya,1
walaupunseeing,1
masukinkode,1
mantaabek,1
set4,1
tanggalcepat,1
mnghsiljan,1
2pcs,1
mamak2,1
ngbahagiakan,1
tutukembong,1
prosesmpengaduan,1
70ribu,1
4digit,1
gardu2,1
penjelasamdnya,1
12374ui,1
xbfhl8,1
migrasi2,1
3873nov,1
kaum2,1
9hari,1
memerlukanbagi,1
bapaak2,1
30mtr,1
fzmutk,1
tangan2,1
bilahhilir,1
memadaiuntuk,1
penagduang,1
isntlas,1
sengatembantu,1
5a,1
pelangqqn,1
terimajadi,1
5tahun,1
terbaikkss,1
4sore,1
f3,1
barulistrik,1
padarusak,1
jbvsmv,1
daritgl,1
33muxy,1
pusinghggnghhgh,1
klistriknx,1
bozzkque,1
nyamankada,1
00va,1
bingungtrs,1
belang2,1
2fa,1
full2,1
plnmobille,1
josgandos,1
125rb,1
3a,1
lossyrom,1
semuatempat,1
hoolldd,1
mantapplahh,1
titititititii,1
list2,1
kecamatanlawang,1
bener2vkecewa,1
mnjegkelkan,1
56rbu,1
rongewuselawe,1
9asang,1
eabxeg,1
0ne,1
harinkemersekaan,1
cepatagap,1
tigatiganya,1
digaweken,1
mengaduanwgangguan,1
mlu2,1
lakukarestitusi,1
gunungbuleud,1
kesalahan2,1
pangalengan51,1
28m,1
satseett,1
plnmobailn,1
terrbaeekk,1
lupa2,1
pelanayananya,1
karbunr,1
angin2an,1
bulanmasih,1
7pagi,1
blouthoot,1
mudhn2n,1
l3bih,1
ba4i,1
bodo2,1
moaabile,1
listr6,1
nungu2,1
menyalaahh,1
ngomplain,1
barususahnya,1
gsscooter,1
naaiiss,1
cepattingkatkan,1
rt4,1
wantutri,1
berteabsaksi,1
10mlm,1
elecitizen,1
parah02,1
tokenmakin,1
keluatrikan,1
22k,1
28jt,1
5xnya,1
klistrkn,1
dansimulasi,1
b4,1
10o,1
m3mang,1
dansimpel,1
10detik,1
rarudet,1
mayilistriknya,1
awokawoka,1
rphqd4ng,1
membantubanget,1
re3,1
koar2nua,1
5hr,1
maszeehh,1
sqngqt,1
terimakasihpak,1
hp2,1
150m,1
26okt,1
okoknom,1
tulisanperiksa,1
sanget2,1
plnbabelan,1
500kilobita,1
mela0r,1
plnterbaik,1
200cc,1
gede2an,1
mbenjreet,1
petugasjuga,1
enhaduan,1
timmanbil10,1
3873x1445,1
synthiasaliwir,1
mebambatu,1
w115,1
terbaikterimakasih,1
keran2,1
penangananpun,1
followup2,1
memudahkanbdan,1
nyalabisa,1
15k,1
9bulan12,1
oolloo,1
ludtfik,1
acak2n,1
tariflistrik,1
3meteran,1
kebijakan2,1
denganplnminile,1
mrlspor,1
10atau,1
nikienda,1
bk3,1
peringatannpulsa,1
k9,1
betu2,1
superaplikasi,1
plnnmn,1
aplikasibinin,1
ngancam2,1
reward2nya,1
menyanyampaikan,1
stroomtoken,1
resposifable,1
rt60,1
melsporks,1
kasih4,1
680rb,1
harusvdatang,1
pelatannadan,1
ak7,1
meterkita,1
vitur2nya,1
terimahjsi,1
pintar2,1
melaluinpln,1
sangtbantu,1
isibtoken,1
print2an,1
pro9,1
tkut2,1
470ribu,1
aplikadmsi,1
myuuddaah,1
listrikspkk,1
set11,1
3hal,1
10saya,1
selalubterdepan,1
55rban,1
tirapay,1
luarbiaasahh,1
nkagahinja,1
petugassama,1
91k,1
semuamenhadi,1
untuibprbhn,1
20rumah,1
terbaaiikk,1
oelayamam,1
hhuuzz,1
lalu2,1
b38i,1
allmudilah,1
slebweew,1
plnobil,1
besok2nya,1
ngengunakan,1
lenfkapaplikasi,1
gangguanlah,1
16rban,1
3dengan,1
melaporgangguan,1
kapok2nya,1
welplayed,1
aplikadihnya,1
pikirnlaah,1
200ms,1
plnmobioe,1
atasxpelayanan,1
suap2,1
be2rapa,1
p3rs,1
respoundshipt,1
yanbungnya,1
karenaurusan,1
kompabiliti,1
menyediakanaplikasih,1
185rban,1
hilihoya,1
bedesuut,1
pastengah,1
vrivarinya,1
pembelianbtoken,1
adelliana,1
bingiittss,1
datanhkekantor,1
slese2,1
amsuk2,1
dierorin,1
sngt2nbgus,1
ketidaknyamanannyaya,1
bisalasong,1
opo9pmp,1
mlpjur,1
s8,1
cantik2,1
berputar2,1
sgat2,1
b10,1
3april,1
gerakdisini,1
168rb,1
2unit,1
h2,1
disubsidipun,1
selalupln,1
64gb,1
5api,1
90ribu,1
220an,1
trslsikn,1
oasccarging,1
sebesar2,1
prthnkn,1
carangisinya,1
pelayanannyasemoga,1
sangkaruhip,1
merasahpuasa,1
penyelesaianpun,1
hidupntlg,1
untukbsaag,1
memudaahkannu,1
aplikasibyg,1
12malem,1
sisitifi,1
yakjeh,1
bisadihubungkan,1
muaantul,1
gengalgaman,1
kalian2,1
bumn2,1
1blok,1
awkaowlak,1
jadul2,1
teknisivteknisinya,1
mantapkali,1
160rb,1
km10,1
kobfernasi,1
muanntaapp,1
firclosr,1
divirtualacount,1
jagajjagakjaa,1
anjenkkll,1
mmmuuaannttaapp,1
4x500,1
pembritauhuanya,1
datangbkekantor,1
8bulan,1
plnmobilel,1
dit4,1
perlunkek,1
respontimenya,1
terrbaeek,1
masathula,1
plnsekarang,1
livinmandiri,1
dlaporankn,1
semuabpelayanan,1
anatarapln,1
plnmubail,1
bertranstraksi,1
trcpya,1
terproses2,1
qplikaainya,1
dipermudahbisa,1
membanultu,1
fullfitur,1
gerakcepatnya,1
nyasaget,1
pelanganapapun,1
z4ikrx,1
sambungbaru,1
delelegasinya,1
260mm,1
keswasta,1
k0ntol,1
pergeseseran,1
ap2,1
ngada2,1
lagu2,1
genggamandi,1
3pash,1
saatpengisian,1
daripln,1
cumasaran,1
eltuvl,1
f8,1
benakno,1
tnp2k,1
tergesa2,1
baganggu,1
membantuengajukan,1
sf6,1
murahhloh,1
muaantablah,1
aplikaksihnya,1
cepat2nya,1
45jt,1
sngatmembntu,1
tahknisinya,1
28mei,1
progammer2,1
mobilenmemberikan,1
hati2lah,1
kesini2,1
2besi,1
idr1750,1
209v,1
tim2,1
wirurwa,1
responncepat,1
dgnapl,1
agregritas,1
ngpa2in,1
370rb,1
terngkalah,1
sarankalau,1
naekdaya,1
gouwendeng,1
kunjakuno,1
umtukudahkan,1
300rbu,1
os11,1
segel2,1
bakka2,1
ook9,1
masalahkulangsung,1
sekarangasoh,1
trslsaikan,1
tgl19,1
1980an,1
200x4,1
permaslhnnya,1
dalamn2,1
didisconin,1
suwangaarr,1
mret22,1
menginfirmasih,1
kabel2nya,1
210rb,1
11juni,1
membingungungkan,1
begitu2,1
bergunanketika,1
langsungndineksekusi,1
memudahknpelanggan,1
aplikssinys,1
abiselapot,1
s25,1
meliandro,1
meapa2,1
aplikisihnya,1
ygbjaga,1
amoacd,1
sangabermamfaat,1
mbedoss,1
terlovee,1
listrikmati,1
responsqngwt,1
bekakasnya,1
strokeup,1
aplikasiksh,1
135cc,1
plyyannya,1
20500xx9886,1
danlapor,1
alhamysdh,1
gakmudeng,1
estiminasinya,1
alikasihbpln,1
instaalisnya,1
220vac,1
bzmsnx,1
suatu2,1
semngatss,1
m7dah,1
ternyatajumlah,1
7ratusan,1
vg4uv,1
byar2,1
20jam,1
semangatbapak2,1
rom128gb,1
listrikdanbisa,1
urusanblistrik,1
spot2,1
8kg,1
clearchache,1
terbaru2023,1
veririz,1
42jam,1
roda4,1
selsekan,1
mwnyalaa,1
729rb,1
report2,1
satpammny,1
dobel2,1
258gb,1
200va,1
2ewpxe,1
laporlosstro,1
simulasipasang,1
12wib,1
400w,1
pegengaduan,1
chrecharge,1
sayabagga,1
minginformadi,1
sangaat2,1
4jutaan,1
mnagbantu,1
trpasg,1
bestisthe,1
wokowoe,1
terinskh,1
bagus6,1
terustinkatkan,1
dikerja2kan,1
gammppaanngg,1
hubung2in,1
alhasilnomer,1
cepat0,1
skarang2,1
ngaret2,1
v8,1
proplainer,1
175rb,1
heumptdz,1
720rb,1
mantappoll,1
zalsapiabang,1
plnmobike,1
suruhngirim,1
dicobalagi,1
hambhank,1
ibfec1,1
tidakbutuhkan,1
ngejetrek,1
batukowix,1
virtualacount,1
akun3,1
mnabantaun,1
tiga2nya,1
plyanannan,1
olanjtuksnbya,1
ongtdi,1
abrak2,1
7b,1
a6,1
caraasukin,1
kaka2,1
teklonoginya,1
kotor2an,1
plncakep,1
akar2,1
lidyrij,1
terlunta2,1
rqmqh,1
0stroom,1
kakadane,1
anahangaiaka,1
wiwiwiw,1
kerenpokoknya,1
awokawokawok,1
500rp,1
alhmlldh,1
mitra2,1
150wp,1
pukul20,1
6rumah,1
fitur2barus,1
besar2,1
rp527,1
sudahnbagus,1
membantunskli,1
3malam,1
70ribuan,1
maugangguan,1
10desember,1
ataskerjassma,1
loket2,1
900rbu,1
shari2,1
bravopln,1
25feb,1
tempat2,1
kepembelian,1
jemmppooll,1
harusembuang,1
pengaduandan,1
pelayanansecara,1
quickresponnya,1
s3,1
bagusfitur2,1
sangatendukung,1
tnggu2,1
mlporon,1
ramah2bterima,1
maanntuul,1
penting2,1
subsidi2,1
k20,1
v27,1
dikira2,1
rempong2,1
apl9kasi,1
4bln,1
allobank,1
infoneble,1
heng2,1
cs2na,1
sulit2,1
adunava,1
164rb,1
9elanggan,1
kisnberyambah,1
wkwkwkwkland,1
aplikasihnaya,1
maddeppo,1
memudahkanndalam,1
ditqngqni,1
23x,1
9menit,1
terrbaaiik,1
x80,1
pakeplikasih,1
33ddx2se,1
mamtull,1
depan2,1
pnranggn,1
aolijasu,1
pelangganbpln,1
ditagih2,1
500an,1
berword2,1
75mbps,1
510rb,1
rp170,1
abang2nye,1
mbededeg,1
program2nya,1
plgn2,1
masalh2,1
argghhtt,1
loadingan,1
merasattimakasi,1
bianespa,1
grimis2,1
wilayahsukodono,1
mobilesegalakeluhan,1
5lampu,1
gakribret,1
24hari,1
800kb,1
abangkhuu,1
1kabupaten,1
lucu2an,1
jakallahhukhoir,1
aplikasisemoga,1
repaponnya,1
aekraja,1
10rbu,1
smjhti,1
untukpelaporan,1
plyannyanperlu,1
43an,1
slebihngnya,1
cepatbtanggapan,1
prosistq,1
ptgsny,1
ta1kk,1
16g,1
pengelolamu,1
kontolsasi,1
subsidipun,1
pln32,1
fuadsw,1
leemmoott,1
nyeselpasang,1
nyalatop,1
323a0sj,1
11km,1
sekalibaguss,1
kenang2an,1
t2,1
ps5,1
semau2nya,1
35menit,1
nakertransgi,1
sambunganan,1
n42,1
gembor2kan,1
mia2,1
reimkasih,1
kotasorong,1
s4kali,1
jetisjogopaten,1
ywboec,1
gsnggsn,1
kyepetnya,1
lfowtc,1
pembayaranlistrik,1
hanipus,1
kelistrikan2,1
heng2nya,1
150ribu,1
takojos,1
laporlampu,1
eeuuii,1
pangarqin,1
petuagsannya,1
pelaporangangguan,1
sdhcukup,1
nunggu1minggu,1
lain2n,1
orangnyasabar,1
rp50,1
klobsdh,1
sb4q,1
sicpln,1
mugi2,1
upin2,1
tdkmnaik,1
ngedetailnya,1
akses2,1
terbaiikkss,1
keburu2,1
y91,1
lnfiro,1
diterselesaikan,1
ngareluh,1
10kk,1
reward2an,1
1mb,1
boskuhwilayah,1
180volt,1
kelustrijan,1
info4masi,1
sudahmbantu,1
spayletter,1
lewihliyang,1
semaanggaatt,1
esleystor,1
myindibiz,1
170an,1
ngondah,1
a11,1
muaanntaanbb,1
nyimpen2,1
9r3sfd,1
ngeleg2,1
zalsapiabangg,1
x60,1
mob768,1
subuhanahuwatalla,1
mengantimeteran,1
20an,1
pakainapk,1
membantuatas,1
rp20,1
dirokemended,1
03wib,1
rp100,1
jos2,1
18rb,1
penyambnga,1
14t,1
cctvbatamtop,1
digunakadqn,1
listriknyanya,1
4biji,1
akdanfkdjasfkasfka,1
a0likasi,1
kemudahanutk,1
cokicoki,1
30menjt,1
k3mbali,1
6xx,1
r3spon,1
twitterdiarahin,1
pertengahankan,1
voucher2nya,1
10cm,1
cepatmenanggapi,1
matilistriknya,1
bwrjam2,1
200rp,1
doutliyd,1
pembayaran2,1
89mbps,1
183rb,1
aplukaau,1
7ratus,1
plyananny,1
emulba3s,1
300ribuan,1
mantepdeh,1
amin2,1
terangkanlahseluruh,1
refudannya,1
terdepedan,1
apli6,1
bertranaqkai,1
750v,1
biarpelanggan,1
kucek2,1
9m200,1
kvzoiv,1
eksekusisinya,1
170rban,1
laporpke,1
gampilkeun,1
mengangsesnya,1
pppppppp,1
wes2,1
pemberitahuan2,1
30detik,1
mrketplaceny,1
rp9500,1
3k,1
alatrusak,1
30rumah,1
ngeframe2,1
ngereload,1
1pln,1
sebelah2,1
r1tm,1
untuklapor,1
mendangending,1
pokoknmh,1
krlistrikn,1
mobilevini,1
transaksinpembeli,1
twahoraga,1
2500w,1
17desember,1
150voltase,1
allahumasholialla,1
lemoodd,1
upc1,1
tolongperbaikimetersaya,1
terimakasihpelayanan,1
verifikasikasi,1
140rbu,1
abangkuuh,1
160cc,1
msuk2,1
mobilebisa,1
tukndpatkan,1
950an,1
apl9kasinya,1
cekiperr,1
kangsodik,1
7erbaik,1
1mobil,1
irit2,1
thn2,1
ngantri2,1
3blan,1
melappur,1
bukariwayat,1
5mantap,1
syeekkaallee,1
sngt2,1
meterawal,1
2021masih,1
kwmeternya,1
badebest,1
ongguen,1
manyalasaikan,1
lqodta,1
27vjuni,1
andoleen,1
menungsone,1
60jtan,1
plyanamnnya,1
v027,1
90vac,1
pukul15,1
okbanger,1
banar2,1
6mnit,1
reffk0denya,1
dimbanking,1
15oktober,1
dalammlendaftaran,1
mrelapir,1
262rb,1
tlrrspon,1
lewatbpln,1
sybsdh,1
menyaalaa,1
cabangkurang,1
a01,1
p2t,1
kadang2x,1
substannya,1
1mnt,1
zplokai,1
100g,1
token2,1
fityr2nya,1
dgnapd,1
mudasemua,1
smkn2,1
memang2,1
2desember,1
130j,1
750rupiah,1
teromlsih,1
a50s,1
alliasix,1
inakuuma,1
75ribu,1
jossgandoss,1
940rb,1
masyarakatpelanggan,1
dwlont,1
apa2nya,1
15rban,1
bidaajukn,1
sangatembatu,1
bluothuut,1
jangndihapus,1
mepermudahsaya,1
gantikilometer,1
tokenpake,1
3aja,1
tahun1959,1
maubditukerin,1
gorkrgj6k4k449qa4ef1nawc5cnlqtmsveikhpgn7fc,1
tol9ng,1
71mfkdepwywxtif1mqu2aacdmknkun664z2vem2xpump,1
0agi,1
ngehighlight,1
aplikaaiby,1
tuyikina,1
sollunga,1
riltime,1
keluhanmaupun,1
ngentang2,1
jalur2,1
apknx,1
ketikamembuat,1
melayaninkami,1
tdknnaik,1
tba2,1
bangetmana,1
250an,1
meberapkab,1
tinggi2,1
hiyahiyahiyaa,1
andalaann,1
berteleh2,1
josshht,1
no2,1
mengompitmasi,1
thuttag,1
kerumah2,1
10h,1
gaketauan,1
100volt,1
ramahpetugasnya,1
apayulah,1
teryesyu,1
8fm,1
twink4twink,1
ahirnyasi,1
790rban,1
unit12,1
2x87,1
pelayanannyabertambah,1
semak8n,1
o22xipg,1
ngeklaimnya,1
20kwh,1
des21,1
emenergency,1
aploksj,1
hotpangidoan,1
ngpulim,1
pmbrthuan,1
karyawan2nya,1
32b,1
aannjiim,1
gakbolehpadam,1
30juta,1
fitur2nyaa,1
sayavtincak,1
aplikas8,1
mazzseeh,1
nhrselin,1
rjpolh,1
9thn,1
cekhistori,1
kwiruka,1
praktizz,1
gangguangguan,1
ke2200w,1
diberitahuhu,1
kemna2,1
m3mbayar,1
halpemasangan,1
mokmkmmokmoomokokppomkk,1
b1ke,1
kmarin2,1
dmarketpleacenya,1
bener2innya,1
sebar2,1
tahapan2,1
peecumaa,1
lohhgghh,1
rp3200,1
berbmangoaat,1
2k,1
plbmobile,1
a008,1
tgl10maret,1
ditelponalasan,1
rpot2,1
teeniest,1
t3tap,1
emas2045,1
lambatji,1
tagihqm,1
sugkdah,1
sangatmembantudalam,1
palnggn,1
billmannya,1
125b,1
pelangganxx,1
jn3dlm,1
ditiktok,1
p1ln,1
hub123lagi,1
mmiie7,1
tunjuk2in,1
kerusakanblistrik,1
tomihariono,1
kantotlr,1
185k,1
tabaekk,1
bananiwe,1
400av,1
maszzehh,1
23mei,1
thn2025,1
watangije,1
mosyorokot,1
50rbuan,1
3x4,1
icocect,1
ygvkalian,1
rp14,1
jamsibuk,1
gopaylater,1
kebelangnya,1
urusanndi,1
mterankmi,1
psang2,1
antek2nya,1
mnghbngi,1
darintiang,1
twmerimakhsi,1
adat2nya,1
a9,1
konter2,1
315ribu,1
843rb,1
poto2,1
gampng2,1
bln4,1
kelebihihna,1
dalambeli,1
ledalede,1
strumnet,1
bingtangtang,1
belipulsa,1
ala2,1
habis2in,1
171kwh,1
123sdh,1
pengaduanlayanan,1
verifikasi2,1
mud2han,1
skalinuntuk,1
bwetransakai,1
m3mudahkan,1
dannpasang,1
799rb,1
vvangke,1
zagzeg,1
baruterbarukan,1
bagusdalam,1
langsungrespon,1
listtikmeter,1
nyoba2,1
temaan2,1
e46,1
kompitip,1
luaarrbiasaa,1
15aftil,1
panggil2,1
gabisa2,1
mula2,1
cssdsi,1
btl2,1
diiming2,1
losttiknya,1
3thn,1
b8sa,1
akaamua,1
300watt,1
manggasses,1
tahap2nya,1
uteg2,1
naikistrik,1
ratingannya,1
bertaun2,1
160rban,1
fasrespons,1
l300,1
ribet2an,1
meterlistrik,1
trselasaikn,1
belumbsaya,1
malam2pun,1
tmyius,1
rugi2teross,1
abe11,1
23an,1
kykdlu,1
oebgaduan,1
623edaq,1
5starnya,1
dikejar2,1
dannirae,1
traugraed,1
yangonnesia,1
prsosepasang,1
ber2,1
ketiknomer,1
elektrikzen,1
pilinggin,1
promenarik,1
andriekadier,1
9udah,1
juah2,1
sks01,1
soal2,1
ywrimakasih,1
berlimpah2,1
oekayananx,1
masukinnuser,1
1haripun,1
bohong2an,1
3mnit,1
130v,1
keprabayar,1
pemgananya,1
cepatdnegna,1
listris2,1
tmen2,1
tatitutatut,1
nyelesekan,1
7januari,1
5rumah,1
badabesstt,1
peuankeseharian,1
tpitrandaksi,1
ditelpon2,1
tokrlen,1
tokenpulsa,1
maanttaapp,1
alhamdulillahsangat,1
plyanaann,1
memubmdahkan,1
perangkatbkatanya,1
gratissnyaa,1
bonus2nya,1
sangatnmembatu,1
700ribu,1
lloolooll,1
s3makin,1
260an,1
bukankaleng,1
berhasil2,1
setem4,1
nyeredd,1
untukpembayaran,1
1hp,1
y50,1
veripaksi,1
telp123,1
d3h,1
swceam,1
2023ada,1
kecekrek2,1
kwhnx,1
allhamdulia,1
g5422122328284,1
udug2,1
nimbul2,1
3bintang,1
badabestt,1
mevertivikasi,1
ngeregistrasi,1
yantekbprabu,1
9xlipat,1
alliksh,1
akal2n,1
wageelasehh,1
perbaikitu,1
mudahterang,1
beneer2,1
hedsetan,1
pln122,1
600kb,1
1800cc,1
nontagl8s,1
myim3,1
kedepanyamakin,1
panik2,1
60hk,1
memudahkanbtransaksi,1
ke900,1
gengganab,1
mkshpln,1
kapan2,1
liatbperkembangan,1
pltmikrohidro,1
100v,1
kenyamanan2,1
120vac,1
penananganannya,1
i3,1
t1,1
clfitur,1
mmbntukami,1
nglarang2,1
bales2,1
masalhlistrik,1
dantdkjls,1
nambah2in,1
udahblaporan,1
mmuuaack,1
17m,1
khatshiron,1
diemail2,1
t0p,1
trimakterimakasi,1
4l4y,1
marliswan,1
beessaarr,1
kaumgen,1
kalselku,1
c800,1
mobilpelayan,1
ixfncg,1
error2an,1
kelistrikagoodn,1
pdkopi,1
ewalett,1
17september,1
24p,1
tlvonin,1
upn3,1
400kwh,1
5xx,1
10jempol,1
3rumah,1
tagihsm,1
mulnomin,1
kelaar2,1
dtksnya,1
paham2,1
katain2,1
era2,1
bagaimanasekarang,1
aplikasibdiperbarui,1
aliandoss,1
9april,1
ganguankwkwkwkw,1
berlistrikbsemqkin,1
diristitusinya,1
dukun2,1
keunghulsn,1
myiedm,1
terbaikklahh,1
ryskyvebriyan,1
kamiseminggu,1
semuaenjadi,1
seexpect,1
lagenyoe,1
tgl6,1
mobaoile,1
gaskeenn,1
muuanntaapp,1
bertransakidansangat,1
upload2,1
terimakasihkwh,1
perolehdtks,1
nyapuguh,1
biatanekerek,1
ouuouuhihuhu,1
684kwh,1
ygberhumgan,1
120v,1
saowd4,1
sonathula,1
gbhlog,1
info085694520578,1
3e,1
powerbeyondgeneration,1
terus2n,1
500rban,1
sblm2,1
selfie2,1
jadi2,1
120kw,1
pasangtrmpat,1
petugasnyabramah,1
insan2,1
k3napa,1
5subuh,1
28hr,1
7kali,1
p3rlu,1
nimwambie,1
hilubungi,1
ghandoshh,1
10bdw,1
henti2nya,1
ibzyze,1
dimengwrri,1
30a,1
manteppoll,1
yuserprenlih,1
17mbps,1
nonprabayar,1
24jamnya,1
plnobole,1
olsmoga,1
maqbul2,1
updatelagi,1
nyalakembali,1
rt08,1
meterudah,1
mantapncoy,1
33nya,1
tritihkulon,1
verigikadi,1
ilang2an,1
kllostrik,1
tingkankannuntuk,1
2jtan,1
kelistrtdk,1
ditagapin,1
pemskaixn,1
bwrmangagat,1
meperdata,1
yotoagrodita,1
buzzer2nya,1
cumaharus,1
penhacasan,1
spbklunya,1
pembayarannlistrik,1
1maret,1
ekeltroniknya,1
myiconplus,1
31u5eno,1
petugasramah,1
intinyakak,1
nathutabarat,1
pohonbatu,1
deg2an,1
ngejeten,1
0kee,1
70rebu,1
r2nya,1
50bpersen,1
pengangajuan,1
vadiley,1
mendaftarkarkannya,1
290rb,1
jayateruss,1
1200va,1
sudahmasalahnya,1
gaskeunn,1
tibba2,1
80ribu,1
p3mbelian,1
tdknad,1
poyoyoi,1
v205,1
kurang2i,1
kirdisasi,1
guinzly,1
pelangganbisa,1
15hari,1
203rb,1
bzjbcj48ydhwk4d52awchb4evmgwhrsu3zrlsgfhn7nx,1
instansi2,1
permohonanbalik,1
bb531,1
layananyaasi,1
lembaysrsn,1
b3ly,1
melap0r,1
1jaman,1
1jtan,1
ulccisoka2,1
sangatbmbantu,1
169volt,1
kukubali,1
pelayabanys,1
pelanganggan,1
bersih2,1
win100,1
dipasulik,1
bnar2,1
nympe2,1
4c,1
r1900,1
manntuull,1
aktif2,1
5x24,1
laporansemakin,1
layananbisa,1
a73,1
read2,1
secarateknologi,1
mangulahnyo,1
500rupiah,1
jam22,1
meterpintar,1
400an,1
80m,1
sayatetyolongskalu,1
ketidalanjutinya,1
30k,1
sanngat2,1
jam1,1
sybpribadi,1
rmhnkita,1
5s,1
myiconnetnya,1
bia5a,1
ujung3nya,1
136rb,1
ke2200va,1
rekomdate,1
bisadisini,1
ngapa2,1
besar2an,1
dbls2,1
mucul2,1
40m,1
trend2,1
kxpanx,1
0enuh,1
3bulanan,1
xeetj3,1
onestopservice,1
sangatbutu,1
mobilesudah,1
220va,1
t3ratasi,1
kerewwn,1
l7,1
mempermudaahh,1
instalater2,1
berinovative,1
seminus2,1
dintoken,1
14menit,1
proplayner,1
proposal2,1
keterdepan,1
kabaseuhan,1
qhontholl,1
anjimm,1
ngabis2n,1
belum2,1
jam07,1
tsdimakasih,1
v007,1
k91,1
diidupinnya,1
mobilsangat,1
156v,1
mbowulet,1
yantex11,1
terang2,1
mbenzret,1
immformasih,1
deploperny,1
mengangakses,1
muuaantapp,1
melaporpun,1
kacang2,1
smkjurusan,1
30h,1
forlamitas,1
2200kva,1
1350san,1
supaspro,1
bluertti,1
jozzgandos,1
3hrian,1
bikinkesel,1
ezzss,1
syaaloh,1
mntull,1
mudah3an,1
4rb,1
abufarhat,1
tagihandi,1
gercep2nya,1
d8gunakan,1
mjkkjggjgkknm,1
perkwhnya,1
uwer2,1
mengaccsesnya,1
sangatrmbantu,1
3kalo,1
adanyanpln,1
ossxl,1
bikinnlaporan,1
y20,1
c5,1
dibagi2,1
linansera,1
sendiri2,1
plushigh,1
mwmbbatu,1
pelaporan2,1
brataksi,1
bobrookk,1
rarwwrr,1
kitaplgn,1
traspqrqn,1
aplikasuli,1
pngatassi,1
pecah2,1
berlama2,1
csnyaya,1
menunpembayaran,1
aplikasinyaembantu,1
darikijang,1
jln2,1
p55,1
10mb,1
samapelayanannya,1
manthuull,1
00no,1
apabeda,1
muda2ha,1
kesasarpun,1
expertalk,1
xaehbv,1
16april,1
admin2nya,1
3xx,1
backfeeding,1
rame2nya,1
kedepannyanya,1
rugoiiujjiiu,1
handal123,1
cerita2,1
kduaany,1
riplainya,1
call123,1
jawaban2,1
5ribuan,1
osespengaduan,1
drinpemerintah,1
128gb,1
listrikbatas,1
ms1,1
gesit2,1
pejabat2,1
iccomet,1
oengaudan,1
satsetwatwet,1
soket2,1
mwncrett,1
mantaaptaptaptap,1
misquotes,1
tjcihb,1
recruitmentteknisirumah,1
tidursekeluarga,1
kebuuruu,1
ptoplainer,1
bojongsarinya,1
syaikutin,1
saluuttee,1
bapaj2,1
kolsenter,1
dehooi,1
m20,1
kanaplikatorpunya,1
melakupengaduan,1
dijanji2,1
benernih,1
2xpun,1
5okt,1
debbess,1
sendlock,1
terimkaaiha,1
mengecek2,1
membatumengenai,1
400gr,1
hrgajauh,1
menscransot,1
download2,1
330k,1
operator123,1
tagihanaplikasinya,1
atasnaplikasi,1
tagih2an,1
angatembantu,1
terkejut2,1
gangguansemakin,1
pelayananll,1
aplikasininsangat,1
souverna,1
telat2nya,1
37ribu,1
fi4smv,1
nj1ng,1
memperoritasam,1
firsoldi,1
48mp,1
playingvictim,1
terbesstt,1
14jt,1
asjkhfjkl,1
ikut2an,1
kega2lan,1
540rb,1
peuting2,1
bukti2nya,1
sattsett,1
450rb,1
33gb,1
wanjeenngg,1
nyenmembantu,1
mudahnmm,1
warungjayeng,1
gydiy9,1
20januari,1
kordisadi,1
mpk2,1
4subuh,1
teerrbaaiikk,1
plnobie,1
5jutaan,1
rumahbsedang,1
efy681,1
splikaxih,1
singaapp,1
manyonyois,1
angillee,1
listrikkuhh,1
dipromosiinnya,1
migrenku,1
adminfeenya,1
haduahblangsung,1
pemangasangan,1
1kli,1
mantaaftt,1
pnyambunga,1
layanannamun,1
03layanan,1
mobilepembayaran,1
tetapkanpun,1
pllyanyya,1
norespect,1
ulsng2,1
nggakebuka,1
respndif,1
bgibkmi,1
32wita,1
ampiksii,1
mamayo14,1
dalampelayan,1
bagusramah,1
dintenpel,1
data2nya,1
60kwh,1
shopipay,1
maanntull,1
matlis2,1
2karna,1
penting2nya,1
0harga,1
ajayjaiswal50,1
alamnibung,1
verif8kasi,1
h3s,1
keychange,1
terimakssihbpln,1
apasubsidi,1
barokallahfiikm,1
uip3b,1
sepi2,1
cowok2,1
pelayananpenbayaran,1
v900,1
kelehulan,1
dipenanganan,1
embel2nya,1
2an,1
menuhin2,1
trlaporakan,1
suuaangaat,1
rp5,1
o2,1
tangani2,1
penganaganguan,1
gercep2,1
yantekgu,1
4aja,1
yuanitaratna,1
byoroshe,1
900volt,1
panas2,1
11digit,1
bloutuch,1
dararawet,1
dipakaibuat,1
payah2,1
malam22,1
biroadpim,1
mengensngksn,1
swacammob,1
re002,1
aplikasinyyaa,1
laporanpengaduan,1
mbulet2,1
p3tug,1
ditutupinlah,1
probisnya,1
450wt,1
tergajelas,1
nyepliin,1
y30,1
pomeneh,1
memmpercepatvtransaksi,1
3v,1
mantap0p,1
mmaantapp,1
l0jelek,1
pemadadaman,1
lillahirobbil,1
ttangga2,1
terseng4t,1
amplikasilebih,1
yerhalamh,1
2b,1
sempet2,1
tedonlod,1
berkali2pun,1
konfirminy,1
up3bintaro,1
kuningan03,1
45mnit,1
s3telah,1
dartruma,1
menglistrik,1
langfitanganinlewat,1
sangatembamtu,1
menujulokasi,1
k3majuan,1
bodo2in,1
semudah2nya,1
950va,1
jozgandos,1
membantubkaminpelanggan,1
20jtan,1
b4509,1
terosoban,1
ditempat2,1
fiturnyajuga,1
rp161,1
yel2,1
550rp,1
lt2,1
nyabagus,1
2200w,1
tahunjamak,1
ubahdaya,1
darinpln,1
ksambung2,1
mantaabterbaik,1
huruf2nya,1
150kwh,1
uo3,1
kontak2,1
lihat2,1
htung2an,1
50l,1
prlsnggan,1
adakekuraganya,1
admindnye,1
terbantudgn,1
10maret,1
joosshh,1
potongan2,1
perubahan2,1
sdhtambah,1
minimarket2,1
tergacorr,1
pembel8an,1
valisidasipengguna,1
wrwrwr,1
digunakancepat,1
telahmembantusaya,1
dinotifikasinya,1
y29,1
rp89,1
ngaku2,1
prosesnpengaduan,1
menebak2,1
cb150r,1
g3guan,1
tggu2,1
g0p,1
simocoyo,1
10ribuan,1
1300nya,1
300m,1
rp950,1
3kg,1
gngusn,1
sangatberinofas,1
1500an,1
oktks,1
tagihantambah,1
apliaksisudah,1
361kwh,1
4kwh,1
sodialisaainy,1
rt03,1
memuaskanlabcar,1
05wib,1
pmbyrrnya,1
diriwayatnya,1
denganaplikasisi,1
ehbdia,1
mangcapek,1
ngelama2in,1
verivikaisiya,1
57juta,1
petgasya,1
sekaliqlq,1
24sampai,1
24hours,1
90menit,1
shopepaay,1
erbunga2,1
bener2bisa,1
pelit2,1
pmbyaranya,1
ug4,1
cnivwt,1
bisabliat,1
ptugsx,1
yer7,1
marin2,1
ngebedakan,1
kompeteten,1
te2p,1
4500watt,1
ddipengaduan,1
670rb,1
aplikasinmudah,1
mllbh,1
dibersinar,1
hinggabtgl,1
orang2nya,1
rukcwte9,1
pelsnggsn,1
akunvterus,1
petatanz,1
modaletara,1
energizenya,1
makasihbanyak,1
urc3,1
mobileudah,1
sleepcall,1
matilampunya,1
manfsst,1
brpa2hari,1
buatvshoping,1
membantupelangan,1
payleternya,1
44wib,1
216volt,1
stdmeter,1
plnpaylater,1
fiktur2nya,1
2sore,1
bisanambah,1
ganyaut2,1
banggssaa,1
chasgig,1
carinlewat,1
detailkompensasi,1
plnm9bile,1
riweh2nya,1
0embayaan,1
gerai2nya,1
sebelumnya2,1
ataumembermudahproses,1
gogleplaysrore,1
mengadu2,1
3p,1
475rb,1
stelahsy,1
8k,1
cukup2in,1
jkbrng,1
sepertikemudahan,1
losstorm,1
8gb,1
puguh2,1
gelap2n,1
selanjutnyalebih,1
5pagi,1
318i,1
21an,1
pemasangalistrik,1
complain2,1
telahenyediakan,1
15mnit,1
diperbanyakdi,1
ujug2,1
editedke,1
ganpln,1
sblm2nya,1
tulisammya,1
10watt,1
390rb,1
570k,1
sudah2jm,1
rt04,1
maknyoslahh,1
jebolnipu,1
30gb,1
suruh2,1
43jt,1
linerpln,1
anjayzz,1
homeworking,1
79juta,1
aplikadunya,1
mas2nya,1
mencatatangka,1
20rebu,1
terbaicek,1
timaaci,1
meberapksn,1
mattirotasi2,1
900wht,1
jorojos,1
servisannya,1
bintang10ku,1
110rb,1
212ribu,1
apalaginada,1
jossgawin,1
14sep2024,1
abdate2,1
krtrmpat,1
plyahannya,1
bnyakbkesulitan,1
simenteknindo,1
9jul,1
120k,1
jagalilin,1
abangkuuhh,1
berjuta2,1
clearchace,1
pasti2,1
pelanggan2nya,1
gangguanbaik,1
apkilasinya,1
instalatirnya,1
zplikaxi,1
gadibenerin,1
c575,1
paymainpoin,1
userselft,1
rw06,1
listrikterima,1
mudahenggunakan,1
ramahvpelayanannya,1
normalkanlah,1
sewot2,1
00rp,1
20hr,1
7juta,1
dk4,1
angkuh2,1
tolongdikasih,1
menunggucepat,1
5bln,1
bayarnlistrik,1
baik2saja,1
hadiah2nya,1
vtsfksi,1
600km,1
orikintil,1
anteng2,1
2malam,1
24j,1
4jempol,1
saranungkin,1
adagiliran,1
cita2,1
1jeti,1
5h,1
prepare2nya,1
749rb,1
virtualpun,1
lnpois,1
pfdrffdp,1
polos2,1
mebbdr,1
00sampai,1
nuofut,1
sriusaan,1
knowthat,1
betul2in,1
nyetrum2,1
unitbalaraja,1
mempermudahpelanggan,1
bgusbgt,1
5ip,1
sybpke,1
dbtalkn,1
nov22,1
males2an,1
75th,1
gangguanuan,1
gasskeun,1
tange4anh,1
bermacam2,1
diketintang,1
ampilkasih,1
teriakkadsi,1
merayu2,1
300perak,1
kekustrikan,1
trtangangani,1
ftjoal,1
pasangnaru,1
bc4,1
kamibplggn,1
pllynyynnya,1
dikelitrikan,1
dowondlowd,1
taikucing,1
dibatalkandengan,1
35jr,1
hirupteh,1
rp752,1
200kva,1
rafinsyira,1
10lewat,1
xpdqde,1
mantaappll,1
450wtt,1
r1450va,1
brenti2,1
noiderafi,1
devdjayanda,1
pebritauhuanya,1
couponnya,1
sukurmoanto,1
mobiletelah,1
450nya,1
laridapatvocerr,1
diupdate2,1
pebgajuana,1
bergelap2an,1
meteranmelalui,1
bisan4,1
diputar2,1
pengaturan2n,1
nipukah,1
182rb,1
kelukeluahan,1
leemoott,1
ngenthoed,1
buru2in,1
b100,1
830ribu,1
riaukualifikasi,1
plnhandal,1
center123,1
kpn2,1
1500cc,1
22kwh,1
hojyga,1
fitu2nya,1
plnpelayanan,1
sangatmbntu,1
bentarbentar,1
berkas2,1
rw012,1
semingguskali,1
susamebantu,1
dalamrngatasi,1
terimakasihudah,1
tergacor,1
gugurudug,1
marrkuco,1
cxault,1
layannanny,1
iniempercepak,1
tolongditambahkan,1
dekddegan,1
mobaule,1
aylofyu,1
iklandoang,1
72x30,1
ap2t,1
wanampikaga,1
halelapor,1
xkutlx,1
daribpln,1
danfiturnya,1
wicyaye,1
77rb,1
mwanamke,1
2pash,1
in2,1
aplkny,1
belumbtahubhasil,1
sangatkita,1
terbantudengan,1
unek2,1
kersever,1
pelyahanny,1
480p,1
meteranlah,1
abubmn,1
sbssidi,1
muwwanntab,1
progremernnya,1
membantusemua,1
bnget11,1
salkosal,1
17th,1
jawarlalji,1
39juta,1
ataukomentar,1
diburu2in,1
tehnikogi,1
garepot2,1
plt5,1
p3cimahi,1
berkedip2,1
mobilebsemua,1
aplkasixyg,1
207a,1
supratamaaneka,1
memudahkanpelanggan,1
mobilesemua,1
daftranfer,1
sgtembntu,1
2200ke,1
sebagainyajadi,1
100x30,1
customer3,1
toeuuvuu,1
laporanditunggu,1
ditanganibdengan,1
marketflas,1
42kwh,1
ditnggpi,1
kkooko,1
ditanya2,1
63kwh,1
6tahun,1
laporanlangsung,1
pengaduannyapun,1
nyukup2in,1
jam1malem,1
pekerja2,1
mudahanbiasa,1
125volt,1
buatblaporan,1
recomeenn,1
k6hyep,1
sagala2,1
sukak2,1
mengnaikelistrikan,1
600rbuan,1
terthebeset,1
keren2an,1
plnladuan,1
lonceng2,1
1jta,1
10siang,1
manusia2,1
memprorioritas,1
plnnmakin,1
mempermudhkn,1
900ribu,1
c92,1
175v,1
online2,1
26jan,1
wadidaww,1
urc04,1
penggabtisn,1
trimswbp,1
gimnagimanain,1
30hr,1
upt3,1
keliristikan,1
kebuka2a,1
13april,1
21mei,1
jemperanya,1
135k,1
dankegunaan,1
jbrfess,1
deploverny,1
s3perti,1
loollollolollol,1
cipopokol,1
mengadangada,1
mencet2,1
2200kwh,1
2xli,1
plagganya,1
jaecoo,1
takterhubung,1
rt029,1
terthebest,1
nyaselalu,1
masalahkuselesai,1
diapalne,1
diunekno,1
1karena,1
pelatmyanannya,1
maupake,1
am8n,1
mfhctu,1
28okt2024,1
listrikque,1
13k,1
bznyzk,1
di0wecepat,1
130a,1
fitut2,1
diangkt2,1
semangat2,1
ramai2,1
marah2hin,1
teknologinyabuang,1
muah2n,1
kelistrikanrumah,1
sungkan2,1
msalah2,1
maap2,1
permslhanya,1
padahalsaya,1
srtoomnet,1
32emc9,1
segan2,1
pengaduankami,1
dirmhku,1
jb5,1
64rb,1
14v,1
selsai2,1
muda2xan,1
menginfkrmssi,1
diriwayatpun,1
frreeddy,1
smk3,1
kaminpelanggan,1
handalyes,1
twetangani,1
biraseke,1
plynanya,1
frinsdsly,1
smogaslalu,1
baikreseponnya,1
12jtan,1
zfold3,1
sxdeot,1
0akaibpln,1
manhubugi,1
brbln2,1
semuasemakinmuda,1
ikan2,1
5mb,1
dpat2,1
edukasi50,1
tlhbmenyala,1
gerkertosusilo,1
c70,1
oelanggsn,1
sopheepay,1
difiturnya,1
dipetojo,1
600k,1
pemhecekan,1
alvidianti,1
laporganguan,1
kurangmemuaskan,1
60hr,1
bukanhanyasekali,1
bayartagihan,1
pikiran2,1
timurgaskan,1
menghetasusa,1
belinoulsa,1
autobayar,1
counter2,1
buatpetugasnya,1
pemakaianmelalui,1
avshhit,1
pekerjaan2,1
urusanlistrik,1
dooprice2,1
mantapsekali,1
26hari,1
ukiskia,1
16jan,1
meresponpun,1
vaangsuran,1
nbtanggap,1
aplksimya,1
onebitestring,1
kabantos,1
tambah2,1
robahbtarif,1
1x12jm,1
adminplnmobile,1
setinggi2nya,1
sihbini,1
anjret2,1
kembali2,1
instalisirnnya,1
1300ke,1
masebewa,1
qpkilqsinyq,1
6215kbs,1
200m,1
krkurnag,1
ulangulang,1
plyannanya,1
rensfone,1
3th,1
llistiterima,1
apaa2,1
hln76,1
kerusakan2,1
mempurdah,1
kjantk,1
mengingotmash,1
bntgny,1
geleng2,1
phoknyaa,1
mubayell,1
terrlalluu,1
kmdhanbuntuk,1
6gb,1
mengontrolnpemakaian,1
40k,1
1200watt,1
pwngwrjaannya,1
jam13,1
opsionalkan,1
100meter,1
markocoss,1
kotfindi,1
10wib,1
membantukalo,1
terthebestt,1
jugaenanyakan,1
cuakkss,1
mobileaemua,1
bnyk2,1
trmahksi,1
gereucep,1
dibuka2,1
seada2nya,1
omon2,1
ram8,1
buatlapor,1
aplikapln,1
matilistrik,1
sapengue,1
kerumbok,1
nenek2,1
pbgduan,1
gemis2,1
1empermudah,1
binngung2,1
lanjutmelaui,1
trimssemoga,1
yangterbayarkan,1
rmah2,1
dayanlewat,1
begituklik,1
ngantuk2,1
angka2,1
1lg,1
dipaiton,1
ditercatat,1
intinyaapelalayanan,1
bangguus,1
intruksi2,1
terpsg,1
berterimajaish,1
52k,1
blz2,1
4dulu,1
fasilitas2,1
spbklunyanditambah,1
sangatebantu,1
apknyabagus,1
markandos,1
1300k,1
infilistrik,1
dpatmmengecek,1
allaahummabaarik,1
imavrasi,1
pnlnmobile,1
u2,1
dress4,1
infirnash,1
iconext,1
komplenannya,1
terheded,1
gimana2nya,1
menbabru,1
54mph,1
ooyyee,1
plyannanyaa,1
makyosbdah,1
35wita,1
bodoh2,1
ketidakhatihatian,1
pernagukan,1
170vac,1
ketok2,1
dipelanggan2,1
pelayananjuga,1
mantul2,1
mentongki,1
tteramih,1
45wib,1
mantapdengan,1
yagessya,1
ruckyjm,1
nyoates,1
barujuga,1
urusanplg,1
s21,1
sa3dat,1
penindakalnjutinlama,1
thn2009,1
0mdcd,1
asafainah,1
aplikasidapt,1
kebuka2,1
91kwh,1
20meter,1
kemajuan2,1
solutrindo,1
diirit2pemakain,1
dendone,1
64ribu,1
sala1,1
semalam2an,1
plnmaju,1
hujan2an,1
2juni,1
sebanyak2nyy,1
3jta5rb,1
permasalahan2,1
397rb,1
moro2,1
nggaguan,1
membantu1,1
900av,1
dewiharyanto,1
dipikir2,1
mudahramah,1
sememaki,1
memban5u,1
4piture,1
19jam,1
baklnget,1
fitur2ny,1
sambung2,1
sangatpermudah,1
connect2,1
tidaknterhubung,1
up100,1
gznvgusn,1
betul2sangat,1
3kwh,1
promosi2,1
195rb,1
agarplangan,1
bisabbelanja,1
150volt,1
cekualii,1
telahmenbantu,1
mantapoo,1
sudahdipilih,1
s3mangat,1
afswmg,1
pengngaduannya,1
semogabtetap,1
1box,1
tetes2,1
pekyananpln,1
kamimpelanggan,1
27okt2024,1
membambatu,1
v028,1
vx3,1
rwsfonsip,1
biayatagihan,1
top1,1
saya1,1
membantusemogha,1
36x2,1
membelibroken,1
beryetina,1
semgadpat,1
amatomen,1
mempermudahbpelanggan,1
3mnggu,1
jajarantingkat,1
inihpealnggan,1
cl6,1
telp2,1
knp2,1
2dulu,1
kdang2,1
186v,1
jlqpos,1
diaksesterimakasih,1
laporkangangguan,1
ngulur2,1
152volt,1
atasimasalah,1
dowlndn,1
2bintang,1
3tahun,1
vebar2,1
murid2,1
sngat2,1
1aplikasi,1
birakwereka,1
berang2,1
sabgatysangat,1
z9x,1
sefrizzer,1
top100,1
2jeti,1
22dan,1
aplikasibsangat,1
tirhirmit,1
jenis2,1
ac220,1
kefoto2,1
distbtr,1
c3,1
untuknpelanggan,1
pulau2,1
chatgpt,1
berlarut2,1
7bulan,1
m478,1
minghisaf,1
gini2,1
prosesbisa,1
300lebih,1
10pm,1
vv8fz,1
menyediakanaplikasi,1
plnuntukindonesia,1
k3ren,1
ciuuciuu,1
kliksemua,1
ketuk2,1
skali2,1
950rb,1
aplikaaihnya,1
80jt,1
plyannyya,1
meserakat,1
bantosanna,1
trsambubg,1
60an,1
up3bogor,1
ngcek2,1
memburltuhksn,1
lanjutvia,1
4400va,1
21jam,1
1tahunan,1
jam2an,1
priotaskan,1
versi5,1
admint123,1
ganbbuan,1
ijjath,1
rayanhananta,1
22jam,1
tampil2,1
memudahdahkan,1
papalepapale,1
goodtools,1
pokoknyaahh,1
segrqd,1
ptugesnya,1
ptogram2,1
kojoss,1
douwlop,1
memypaikan,1
100an,1
semuasemakim,1
pelaporanpun,1
700ribuan,1
terrecomended,1
godjoob,1
shopepaynya,1
dasdess,1
wanawake,1
abungtinggi,1
kurg3,1
alhamdullillahhirrobbil,1
disuruhmasuk,1
nometeran,1
kegrecepannya,1
teruntukpln,1
juliusjonathan,1
27okt,1
nkumusuzi,1
hebatnyalagi,1
koonnto,1
pr0ses,1
24okt,1
updatenyajuga,1
gaya2an,1
double2,1
malahbalik,1
199k,1
1desa,1
185rb,1
biarngurusin,1
tidaklanjuttin,1
mpbileantap,1
380kg,1
monilesemoga,1
50x2,1
bermanfantaat,1
muaantaapp,1
varian2,1
matlamp,1
danbtrpercya,1
rt100,1
diworo2,1
selang2,1
katsonernya,1
semuasemakin,1
p0s,1
danbtemukan,1
kuda2,1
kaga2,1
maublaor,1
danmerygikan,1
ui7,1
vc004,1
gangguankeluhan,1
mengetahuipasang,1
handaljuga,1
v4701,1
aba2,1
stvsangt,1
termbois,1
00nama,1
mempermpermudah,1
leemmoot,1
30sampe,1
goodjobpln,1
taghihn,1
gzwht4klrekd35gtkn1c6dtazatwkluh3xkgsviwzuqt,1
0asang,1
tanggainin,1
pengaplutan,1
aplikasinyasemakin,1
lagiperiksa,1
tagihaann,1
virtualakun,1
9rb,1
jigabgampamg,1
oliaksinya,1
jm20,1
lcyxhe,1
mmbagongkan,1
belipylsa,1
mobiletanpa,1
biayajasa,1
tlfon5,1
kepulerluan,1
51jefje,1
permohonan2,1
listrikbdn,1
sorosoke,1
tolongberikan,1
nanges2,1
okpfzj,1
x1445,1
jelek2an,1
okokokok,1
65rb,1
nulis2,1
mengifornasi,1
rw8,1
loddtrm,1
9desember,1
keakar2,1
membentak2,1
mobilexa,1
didikitin,1
4nomor,1
idiple,1
25rbu,1
ewt8078k6wa,1
penerimalaporan,1
sayadlm,1
tidur2,1
dalamenhatasi,1
ditercipta,1
tergangantung,1
tuker2an,1
semualayanan,1
maling2,1
plyayannya,1
penanganannyasangat,1
bangkalaloe,1
kangluland,1
1huruf,1
saykecewa,1
layananlistrik,1
asyudalah,1
nama2nya,1
440va,1
kwilyhan,1
12an,1
gunajuga,1
0ermasalahn,1
esuk2,1
serponny,1
smpek2,1
hudupkanblampubdi,1
disoppeng,1
terimakasihsangat,1
flux2an,1
waalaali,1
bagian2,1
25jam,1
923i6nl,1
7jt,1
wzz,1
lestrekk,1
muscle4muscle,1
nyambungbke,1
kiyowoo,1
500m,1
ubahcdayacdan,1
transaksiterimakasih,1
banacumbagira,1
zvxdk7,1
m22tzcb,1
ludtrij,1
gangvterbaik,1
mgsdunya,1
merequestkan,1
bhanuwisesa,1
mobileluar,1
ktrpln,1
110volt,1
konfirmasi2,1
trrimkaaih,1
pakekpln,1
m23,1
rp144,1
l8strik,1
ngalaikum,1
nji9,1
oerhitubgn,1
mantappuu,1
58mm,1
20km,1
ayu2,1
diperpjng,1
antilemot,1
pergi2,1
ampyuiinn,1
274k,1
planmobile,1
kerijec,1
jakapurnama,1
nyabpln,1
plyannannya,1
jdiblebih,1
resoonsit,1
samp4h,1
f11pro,1
sibuk2,1
jdiemudahkan,1
c32n,1
dibantengg,1
58kwh,1
senyum2,1
v500,1
klimeternya,1
drumah2,1
aldasko,1
promomonya,1
gerak2,1
madopep,1
reknlistrik,1
renspontip,1
fastcharge,1
pengaduanbtentang,1
liustomo,1
yupdaee,1
bestyku,1
sangatybmembantu,1
terlove,1
tingkat2,1
trobosan2,1
penciltak,1
upgrednya,1
45a,1
40thn,1
masarakattrimakasih,1
v15,1
kpd450,1
tapiasuk,1
nyebloki,1
bisacdaru,1
tercakitty,1
r4a,1
dijanji2kan,1
aturannyadan,1
reka2,1
aplikplikasinya,1
terdebess,1
songgong2,1
dioper2,1
dlmengatasi,1
selama2,1
rp48,1
squezyy,1
rugirugirugii,1
trakinck,1
are2,1
terbnatuu,1
70k,1
ngutek2,1
lelistrikam,1
teknopren,1
m3njadi,1
trus2n,1
bagusbyg,1
luwarbiyasa,1
teellaatt,1
kwhmeternya,1
kawe2an,1
subsisidinya,1
duitpulsa,1
s10,1
pynananya,1
socket2,1
2nya,1
bwnsjsj,1
rdj227,1
biarantab,1
staff2,1
25okt,1
semuakeluhan,1
h0ras,1
abang2nya,1
tegalawpln,1
membuang2,1
aiksix,1
6kwh,1
uwinfly,1
ljprmv,1
arahan2,1
2x10mm,1
watakupika,1
memnamti,1
mobobile,1
sekalicepat,1
900r1t,1
180k,1
aktif2nya,1
sofarsogood,1
23ribu,1
wtgveh,1
bling2,1
5in,1
timaacih,1
adaganguan,1
9o,1
plysnannya,1
siap2in,1
sertaempermuda,1
campur2,1
sekalikeren,1
adaptasi123,1
aplijadih,1
alpiksh,1
hitung2,1
pasrespon,1
v207,1
masszeeh,1
memhfahkan,1
i7,1
dstsng,1
mallumpa,1
abal2an,1
listrikjuga,1
410m,1
7h,1
nuter2,1
sangtmembnu,1
cabang2,1
nitroriyadi,1
plngobile,1
maakkiinn,1
stoomnet,1
kenanbiaya,1
billmanya,1
rp66,1
search2,1
umur2,1
102k,1
37rb,1
mnghetgui,1
s1teknik,1
2238ggq,1
700an,1
mantuuls,1
13x,1
sekalinaplikasi,1
ktrlambtn,1
300km,1
menginfiormasih,1
bi0asa,1
intasali,1
dtgkatkan,1
kontritibel,1
pkonamh,1
per3,1
diapain2,1
prepare2,1
i1,1
direkomdansi,1
kiomiloouoloi,1
terexpand,1
0elanggan,1
ahmadanton,1
djuaanncokk,1
30juli,1
ulpsumba,1
wellisman,1
berlebih2an,1
bayar490rban,1
biasakanngasi,1
memumudahkandlm,1
lopyouu,1
kilaatt,1
jurusambung,1
s7dah,1
m0balle,1
awokwok,1
anj8ng,1
deleploper,1
kokbegini,1
dihububungi,1
exparid,1
angan2,1
asallamussalikum,1
disitu2,1
mrlembantu,1
kamibpelanghanbdalam,1
plnyann,1
melwpaorkan,1
prayabar,1
maanntapp,1
gangguanlebih,1
pec3nongan,1
plnmobel,1
due660,1
sssiihhuuyy,1
2hri,1
rt3,1
450ri,1
dllbiar,1
jninsangat,1
rakapalek,1
ternyataresponnya,1
s7,1
aseliembantu,1
bocor2,1
00udah,1
mobilebirusan,1
pqdelayanan,1
sembuh2,1
komensenternya,1
tetselesaikn,1
gqmpqng,1
kru2,1
ditrafo,1
rsioaw,1
partnershipln,1
rppesponnypa,1
laporangangguan,1
yatuhaann,1
bingung2,1
pake2,1
rp202,1
segitu2,1
sebelahlah,1
tanpilanyah,1
pukul16,1
kevendor,1
danpromo,1
nyenengno,1
mbak2,1
satsetsot,1
terusmenerangi,1
tunda2,1
9pro,1
disangka2,1
penggantiaalnya,1
titi2,1
kelistrkamu,1
15hri,1
5b,1
listriknggak,1
erorv092,1
5pln,1
a5u,1
a04s,1
c19,1
ngadingadi,1
gaskeeun,1
progjanya,1
sekalideh,1
keindomaret,1
otw2,1
2blaan,1
meulmuaskan,1
sangatvterbantu,1
pelangangang,1
hari2ku,1
2kwh,1
kelihuhan,1
5500va,1
kmrin2,1
sekarabg2,1
sblum2nya,1
kampunglama,1
ur2nya,1
callservicenya,1
rayon2nya,1
tombol2nya,1
ati2,1
kedungumpul,1
1thn12,1
ataspertisipasi,1
padahalbaru,1
kegiatan2,1
extramax,1
dipascabayar,1
cepatbterselesaikan,1
inibberss,1
dannfitur,1
bingiittzz,1
icconent,1
1500km,1
listrikpaska,1
dimeteranku,1
refund2,1
sialisasikan,1
bagus2nya,1
buatnpembayaran,1
tercovereg,1
pending2,1
20a,1
8rb,1
miiaawww,1
elektizen,1
listrikmmati,1
masdianoor,1
lackneut,1
aawoakwoakwok,1
yazchan,1
uploadingnya,1
sarangeoohh,1
listrikmkin,1
krm2,1
dr8,1
tlp2,1
nyampe2,1
add1,1
dilapangannuabjuga,1
karu2an,1
ok1ey,1
mantapaplikasi,1
luarbiasahh,1
hubungj2,1
sedasar2,1
sbntar2,1
kmana2,1
soerjonoto,1
byiiaarr,1
tipeng2,1
sebesarnya2,1
jelek2,1
makas8h,1
ternterr,1
para2,1
tambadayaa,1
enyaahlahh,1
1kg,1
terus2,1
dibgangani,1
ovobjx,1
2r,1
kaminpelanghan,1
bayak2,1
priorityopen,1
selalungunakan,1
rrepot2,1
176v,1
miinngguaan,1
270an,1
40km,1
aplikshh,1
sakjosse,1
50menit,1
maunhabis,1
jazakallahhuu,1
azaes1,1
mudahblapor,1
berbunyi2,1
apik2,1
kendalah2,1
motamati,1
ngerestitusi,1
2biji,1
marketplacetambahkan,1
2mtsen,1
mudahpelanggan,1
mobile2an,1
benar22,1
misuhmisuh,1
dikota2,1
100km,1
seharian2an,1
sisatoken,1
diswastain,1
cepa5,1
perwendha,1
1k,1
tgl18,1
lanjutibpengaduan,1
lislikk,1
dayabiaya,1
bylwf6,1
fiturnyablengkap,1
umbruss,1
nontoken,1
jugarusak,1
1siang,1
sudahnyala,1
tlteksini,1
sngat3,1
70tapi,1
mencit2,1
ngapply,1
olyyannya,1
ngetracking,1
1x24jm,1
lam2,1
losstm,1
memepermudahpembelian,1
p2ntl,1
26wib,1
bintang4,1
kqgvr6,1
mempersingkatan,1
diswacamp,1
isi100rb,1
sampebeli,1
rmaahb,1
pulokapuk,1
tiga2,1
raumom,1
semata2,1
minoritaskan,1
gemoyy,1
sikumaanisha,1
jacyaz,1
mobileatep,1
weleh2,1
angdat2,1
hot9,1
bayarlistrik,1
layanidegan,1
6haru,1
mentenencenya,1
diprogramin,1
terukje,1
gangganguam,1
dilaporkan2,1
25juta,1
kuhan2,1
listikqu,1
mantappssas,1
ke123,1
590ribu,1
selama2nya,1
esifien,1
suuweenee,1
gbs2,1
snagatvmembantu,1
copid19,1
huodrm,1
mantapmen,1
engecakn,1
yranspatan,1
40mbs,1
tengah2,1
mmprsempit,1
gaya2n,1
rayonpln,1
200kwh,1
kabelnjaring,1
watt1300,1
laporantolong,1
aamiinyaarobbalallamiin,1
khykm5,1
inginkan3,1
iconnetmu,1
ridhotullah,1
bolrase,1
tigajuru,1
cuma2,1
masseehh,1
gingormsi,1
moobell,1
plnterus,1
prlnaggn,1
5stars,1
pejuang2,1
juoshh,1
sering2nya,1
wqkudt,1
lpolrr,1
nunggak2,1
8d,1
juuwwooss,1
spanengnya,1
pemenang2nya,1
mm2100,1
belumnyala,1
piturdi,1
107km,1
jm17,1
mobilensangatvmembanyu,1
dicampervan,1
jcpqsp,1
tagihii,1
dtutup2in,1
aplikasimudah,1
gangguandan,1
mobilecukup,1
alat2nya,1
jisjos,1
8malam,1
android10,1
tingkatkan0,1
bgus2,1
33a,1
terburu2,1
handlecomplain,1
nyatransaksi,1
delangxx,1
menjancokkan,1
0elangg1n,1
tnggjawab,1
subcontractornya,1
pengadunketija,1
muser2,1
php2an,1
2cbjak,1
2siang,1
vro3,1
even2,1
57k,1
magdyno,1
padahaluang,1
uueeyy,1
maki2,1
tekdown,1
elektrikable,1
ngtik2,1
terpasang2,1
tokenlistrik,1
aplijadutdk,1
babatsupat,1
tulisannyakecil,1
d3eex,1
218vac,1
semangatpara,1
400m,1
rp700,1
pulsa500,1
bocil2,1
3rb,1
12x,1
tap2,1
120kwh,1
ekkeekekw,1
90mnt,1
mudahn2an,1
benahinlahj,1
sakgeleme,1
pengnaduang,1
spklur2,1
syumuuk,1
pengaduanganguan,1
seringdibuat,1
mempeuda,1
sakjosee,1
membantusaat,1
notifikasi2,1
9mbps,1
680ribu,1
kaleng2an,1
50kwh,1
meukanciah,1
belanja2,1
lawak2,1
trimalakasi,1
memberibpelayanan,1
tokeneboh,1
sayang2in,1
cek2nya,1
1lwat,1
dlempar2,1
500nya,1
g00d,1
w8,1
buram2nya,1
bosskuuhh,1
yxq,1
1miliar,1
muda2an,1
alpkisai,1
temperglass,1
amplikaypln,1
lengkapharusnya,1
60kali,1
40pm,1
berk3mbang,1
lpornny,1
terimakasihaplikasi,1
kendaka2,1
pokenyee,1
buatbpelanggan,1
adanyafitur,1
upaya2,1
playananxa,1
goreng2,1
dikampung2,1
petingginpln,1
3nusa,1
pamer2in,1
staysafesemua,1
softclose,1
80juta,1
asliilaahh,1
cukupbantu,1
vocher2,1
pijit2,1
jusssaying,1
konsumen2,1
keseharia2an,1
k4,1
diputus2,1
petugasrespon,1
lamputeross,1
semakinjayah,1
4dl,1
satsetgak,1
4mm,1
tabuantanggamus,1
tolongbuat,1
siap2lah,1
cuakss,1
review2,1
aplikasimempermudah,1
mksnpln,1
adanyavaplikasi,1
aplikasinybagusuntuk,1
alliaskx,1
tiapmau,1
zona9,1
atasvpelayananya,1
chuaakss,1
1haru,1
peromo2ya,1
8kwh,1
safsolv,1
ampun2,1
v025,1
bintang5,1
enak2an,1
40rp,1
huzo0r,1
terrterr,1
ke4,1
cukkuruk,1
tenqiuu,1
9okt23,1
ngurus2,1
310rb,1
2xnelpon123,1
tekaharti,1
jaya2,1
mantappll,1
bmaayar,1
89r,1
y21,1
unitlayanan,1
perintah2,1
jb2,1
laprganggusn,1
hotel2,1
layanancepat,1
punyavkwh,1
rukmamantap,1
hadehbcapek,1
3gb,1
2200watt,1
tembus2,1
22an,1
menu2ny,1
kn0,1
pencetpln,1
kwh450va,1
va029,1
diperpergunakan,1
angin2in,1
pak2,1
tempekelen,1
dipangaduan,1
sistemsibuk,1
1r,1
promoemarik,1
re1,1
nusiwe,1
39jutaa,1
digital2,1
maturuywun,1
cepattampupannya,1
kebug2,1
mall2,1
menutup2i,1
15jam,1
2x25,1
pelaksanaperbaikan,1
utkappr,1
laporgamhguaam,1
anj99,1
hedeewwhh,1
tpstlh,1
nunggu2x,1
sangatbmembanntubdan,1
spklu125b,1
lamarespon,1
800ribu,1
dtng2,1
dadk2,1
9112017p3y,1
swevicedesk,1
gadirespon,1
control2,1
00blom,1
monting2,1
perkembangan2,1
zwgpfl,1
mencptqkqn,1
ribetribet,1
tercover2,1
pupuspita,1
dandimanapun,1
padamnyapun,1
kritik2,1
mantapsangat,1
suanggaatt,1
appunbtantang,1
dinaolikasinya,1
ulur2,1
iniencurigakan,1
terimakasihcepat,1
dibiritagukan,1
plynnnha,1
rekemonded,1
istebes,1
mangikahan,1
sangaembantu,1
15x,1
artikel2,1
makjreeng,1
oibxvn,1
p3mbayaran,1
plnggantrimakasih,1
padabtl,1
soalkelostrikan,1
btlberbayar,1
256gb,1
a12,1
rewo2,1
transfer2,1
3an,1
hargatoken,1
hibarakatuh,1
d4na,1
untkgangguan,1
vendor2,1
1st,1
sampai2x,1
hnyoqy,1
5sore,1
ruuiibeett,1
ikut2,1
200ribuan,1
g00blok,1
12volt,1
9an,1
bisalapor,1
dirumah2,1
terbaiixx,1
desember2025,1
sefrendly,1
adchaminoerdin,1
wasukrullilah,1
v2,1
digedor2,1
14km,1
mututho,1
tetimakasihpln,1
100x2,1
folder2,1
pyannanya,1
207rb,1
23maret,1
dijawabantapp,1
agent2,1
113c,1
rawabadung,1
500watt,1
yarobbalamin,1
perbaikan2,1
menlpnkan,1
nanggung2,1
427rb,1
diganteni,1
kaluar2,1
miscomunocationya,1
10menitan,1
s22,1
cepatplayanan,1
geser2,1
maanntaapp,1
manut2,1
kebertung,1
samaphny,1
spliksih,1
pengduanbgangguan,1
biayaapapun,1
perkonomianjg,1
h2c,1
weeiizz,1
ganggualistrik,1
voo3,1
rp233,1
x1,1
terdebessaya,1
rancabana,1
covid19stimulus,1
hfmslx,1
3desember,1
miyer2,1
fiur2nya,1
tampan2,1
11x,1
berubh2,1
9januari,1
membagagongkan,1
hambatan2,1
masalahnkeliattikan,1
rd4,1
berfamnfaaf,1
mbau2,1
750rb,1
disakral,1
jeleekkm,1
yangdibloker,1
x6,1
pocerlistrik,1
10ribu,1
tqnpq,1
pelanggannpln,1
inibisamembantu,1
slogan2,1
proplaner,1
sekalitagihan,1
dengan2,1
225character,1
amplikasinyq,1
sekal9,1
30jam,1
bdrlampung,1
diperaikipln,1
puucciing,1
ccnym1,1
blfiturnya,1
krimakadih,1
kabar2,1
595rb,1
50x,1
rp100rb,1
tokenndan,1
dimarketplacenya,1
50m,1
aplisakinya,1
50ribunya,1
710rb,1
tempatkita,1
ksih2,1
digitalsaat,1
dkirm2,1
instruksi2,1
hajafika,1
mutualan,1
125k,1
2g,1
cuaakkss,1
jababeka52,1
stimulus2,1
pemyqnya,1
89b,1
banyak100x,1
izin2,1
dianfakakan,1
peneranganjaya,1
l3,1
matap2,1
berbondong2,1
langsungble,1
tanpa2,1
laporan2ku,1
sep24,1
dayan6a,1
formatexception,1
malas2an,1
kurang2nya,1
1digit,1
pejabat2nya,1
5rebu,1
mangtaffzz,1
xsh,1
mbosoki,1
su7,1
aminyarobal,1
axmik6,1
s3dwng,1
tapiaplikasi,1
cicarulang,1
trimaksihatas,1
ungalukk,1
prorgam2,1
47jt,1
mudahbcepat,1
homecharging,1
dibaypas,1
tingkatkannterus,1
reqfqw5l,1
sistemtemnya,1
inimemudahkan,1
11gb,1
dannoasang,1
1300wt,1
erorsistemjaringan,1
denganpetugas,1
toplivaekonomiya,1
madh2an,1
plnm0bile,1
2j,1
keluhhan2,1
synterima,1
yantek2,1
berpuluh2,1
bekedip2,1
pegel2,1
tytydd,1
42m,1
kurasa2,1
dd3,1
diganti2,1
tkspln,1
hbs2in,1
almmqa,1
rantaupat,1
masszzeehh,1
tergerrcepp,1
menhbgi,1
95kwh,1
pelayanajln,1
5hati,1
prapobowo,1
4all,1
cewek2,1
is0900,1
laporagangguan,1
gerceptt,1
belumnterpasanhbdan,1
mintamasukan,1
ololollo,1
knt0l,1
terikamish,1
aplknpa,1
dirdist,1
114km,1
gangguannlistrik,1
praktpakai,1
mntappl,1
ngakal2in,1
timaaciww,1
banyaknpromo,1
karemaren,1
murahbtransaksi,1
promo50,1
ssmmkin,1
komplain2,1
filtur2nya,1
13jam,1
wanaume,1
rajalopolah,1
10600va,1
digunqkqn,1
saya2,1
manas2in,1
namasyamaun,1
gapaham2,1
temen2ku,1
1175rb,1
sodar2,1
simpledengan,1
sp5,1
delay2,1
llaabbee,1
okesekli,1
4harian,1
8n,1
mentah2,1
autoblank,1
80rb,1
2jaman,1
isitoken,1
indhiraji,1
esdebees,1
terkaidgn,1
undang2,1
petugasnyajuga,1
120ribu,1
sanagtbmudah,1
pelayanabmn,1
meyerentakan,1
nepetrep,1
kamisemuanya,1
titiik2,1
lidytik,1
ok2,1
fitupilihanrnya,1
redup2,1
0etugas,1
ciri2,1
gondookk,1
dalamnpengaduan,1
pengeluhan2,1
pensmbshsn,1
spaning2,1
laporgangguan,1
plnyauannya,1
membantumelihat,1
ts2,1
nyale3,1
love2,1
m3nggunakan,1
biso2,1
macigkom,1
loseconeck,1
memumuliyakan,1
stepencurry,1
8hari,1
kejadian2,1
70rbu,1
31januari2025,1
seblum2nya,1
a37,1
perosescepat,1
udxsna,1
117k,1
lutfa7,1
axeopt,1
sentuh2,1
dide0an,1
05s,1
luuaammaa,1
kurunyung,1
ba0ak,1
baruwkwk,1
balasan2,1
akir2,1
ntappss,1
karupbasan,1
6dijit,1
apliksasiplnobile,1
mantapsht,1
60jt,1
b1t,1
ingormsdi,1
laporanjadi,1
untuknpelaporan,1
plnmobeil,1
s3belumnya,1
bgusbdan,1
uvigira,1
60k,1
pothuni,1
memudahkankami,1
ha2kql,1
dteng2,1
wilayah2,1
dihistoris,1
ainocasi,1
adagangguan,1
bidang2,1
aplikxij,1
pertngl,1
jam7an,1
prioriyaskn,1
dingin2nya,1
awowkwok,1
tetapsusah,1
kasadoannyo,1
450a,1
m3mbqntu,1
bintangrating,1
komfelnin,1
mobelejen,1
27feb,1
tegallumbu,1
emailnyalah,1
terlebih2,1
akhirrunisa,1
6bln,1
males2,1
yongyea,1
3jta,1
ketrbtasa,1
2h,1
brqyc7,1
j0s,1
ditipu2,1
unawakumbuka,1
data2ku,1
dtggng,1
rayon2,1
100bintang,1
kemungkinan2,1
kotdinsxi,1
tokenpls,1
20rp,1
bangipasuruan,1
waduhhsyang,1
masukan2,1
tekan2,1
lgresponnya,1
ngalahi2in,1
blora573,1
tiggi2,1
disensor2,1
zzmeski,1
11nov,1
1250rb,1
5biar,1
kwmateran,1
imfirmasih,1
spanduk2,1
klik2x,1
dua2,1
mengedapenakn,1
mengdongload,1
sangatnlambat,1
ngadongdot,1
baik2nya,1
250cc,1
0jml,1
asalanlah,1
balik2in,1
untukpenggaduan,1
nyobuiknyo,1
email2,1
bertimaksh,1
kkeerreenn,1
mawastiti,1
1300cc,1
kerennss,1
68rb,1
prabayarno,1
mobilemembayaran,1
0asamg,1
plnaplikasi,1
1827an,1
15ribu,1
bls2,1
hatidancepat,1
mantappoo,1
statprob,1
atmitrasinya,1
153ribu,1
kecelak4an,1
0sb,1
puasa2,1
ulasan2nya,1
jm12,1
responisasinya,1
5klo,1
bukanmudah,1
ersuli,1
smogabaplikasinya,1
teransaksibmu,1
75jt,1
kassaluarsa,1
teknisi2,1
tangan2nin,1
kosmable,1
f1,1
taikklahh,1
ngengajuan,1
responanyh,1
10malam,1
ngakbperlu,1
boleh2,1
list4ik,1
tmbhdaya,1
discon2,1
nyalah2in,1
s3jak,1
2juta100,1
uxh,1
00rb,1
mempermudahurusan,1
5jta,1
dinrootnjadi,1
ooloollo,1
memnbtuu,1
imfoasih,1
21hari,1
memudahinnya,1
centerpun,1
pelsrikkn,1
isdhebest,1
appeelii,1
29juni,1
cepatterimakasih,1
1msn,1
slowwllyy,1
defolopmend,1
52a,1
s3lesaikan,1
truus7,1
ygramah,1
didtgi,1
multiproblem,1
kanak2,1
untuknpembayaran,1
03rw,1
perugasya,1
iconcashnya,1
jugalengkap,1
8ampere,1
ygbsering,1
ppuuooll,1
dalamnyanegenai,1
sus002,1
seenggak2nya,1
ulcspatan2,1
ngabis2,1
ataunoembelian,1
up3cengkareng,1
bashonje,1
sakuritynya,1
cepatkalo,1
hurungken,1
99hari,1
sep2022,1
staf2,1
3thun,1
gelombang2,1
aneh2in,1
h11,1
sangatembanti,1
lamasekarang,1
digebrak2,1
melaporkangangguan,1
30mnit,1
jikasewaktu2,1
lang8,1
gadiisin,1
sdapln,1
bebar2,1
150cc,1
gembor2,1
p4oduk,1
mobilelrksesrubah,1
nyusaahiin,1
00tarif,1
custemerservis,1
pakistanijeet,1
ngerefund,1
1600cc,1
laporngangguan,1
mobilsamgat,1
personil2,1
tipu2lah,1
amdulliah,1
segercepp,1
hadirnyaplikasi,1
m3layani,1
demibtahun,1
