Istilah,Frekuensi korpus domain-spesifik,Frekuensi Indo4B,Per sejuta korpus domain-spesifik,Per sejuta Indo4B,Log likelihood,Lebih khas pada,Signifikan,Istilah kelistrikan
pln,183736,114458,60501.69,34.94,2169665.2,Domain-spesifik,ya,ya
mobile,96427,206473,31752.06,63.03,968365.9,Domain-spesifik,ya,tidak
aplikasi,106976,1674123,35225.7,511.03,688333.55,Domain-spesifik,ya,tidak
sangat,135529,8446007,44627.8,2578.18,515542.34,Domain-spesifik,ya,tidak
membantu,79008,1954691,26016.23,596.68,439127.46,Domain-spesifik,ya,tidak
listrik,52612,568843,17324.39,173.64,375538.13,Domain-spesifik,ya,ya
kasih,60225,1136200,19831.25,346.83,365992.22,Domain-spesifik,ya,tidak
terima,56603,886416,18638.57,270.58,364136.18,Domain-spesifik,ya,tidak
cepat,66341,2139038,21845.16,652.95,335113.17,Domain-spesifik,ya,tidak
pengaduan,25125,27064,8273.31,8.26,278742.18,Domain-spesifik,ya,ya
mantap,26646,98497,8774.15,30.07,242799.06,Domain-spesifik,ya,tidak
pelayanan,40297,800944,13269.24,244.49,240864.99,Domain-spesifik,ya,tidak
token,21640,33685,7125.75,10.28,228296.74,Domain-spesifik,ya,ya
mudah,50892,2901593,16758.02,885.72,202068.14,Domain-spesifik,ya,tidak
aplikasinya,17272,42851,5687.43,13.08,169239.64,Domain-spesifik,ya,tidak
kelistrikan,15434,18356,5082.2,5.6,169040.54,Domain-spesifik,ya,tidak
respon,19979,154513,6578.8,47.17,155196.9,Domain-spesifik,ya,tidak
gangguan,23390,429370,7702.0,131.07,143366.96,Domain-spesifik,ya,ya
dan,836,81509475,275.28,24881.12,141850.37,Indo4B,ya,tidak
bagus,31188,1519149,10269.77,463.73,133081.03,Domain-spesifik,ya,tidak
pelanggan,23049,562128,7589.71,171.59,128739.14,Domain-spesifik,ya,ya
memudahkan,18997,299726,6255.45,91.49,121939.97,Domain-spesifik,ya,tidak
petugas,18714,337913,6162.26,103.15,115296.39,Domain-spesifik,ya,ya
tagihan,10335,72240,3403.17,22.05,82228.08,Domain-spesifik,ya,ya
tanggap,7887,29691,2597.08,9.06,71612.63,Domain-spesifik,ya,tidak
mempermudah,10632,144130,3500.97,44.0,71323.04,Domain-spesifik,ya,tidak
lapor,6698,21908,2205.56,6.69,62467.5,Domain-spesifik,ya,tidak
pelayanannya,6783,29075,2233.55,8.88,60022.37,Domain-spesifik,ya,tidak
ramah,10619,295703,3496.69,90.26,56616.49,Domain-spesifik,ya,tidak
untuk,3370,41450838,1109.69,12653.05,53677.88,Indo4B,ya,tidak
pembayaran,11636,506469,3831.57,154.6,52130.08,Domain-spesifik,ya,ya
padam,5616,23488,1849.27,7.17,49942.51,Domain-spesifik,ya,ya
dari,2060,34685589,678.33,10587.92,48841.2,Indo4B,ya,tidak
bayar,8620,204611,2838.45,62.46,48593.65,Domain-spesifik,ya,tidak
dengan,6269,45550686,2064.29,13904.54,47970.99,Indo4B,ya,tidak
tambah,8887,247348,2926.36,75.5,47390.69,Domain-spesifik,ya,tidak
laporan,10866,528510,3578.02,161.33,46395.61,Domain-spesifik,ya,tidak
makin,9932,431363,3270.47,131.68,44536.95,Domain-spesifik,ya,tidak
sekali,18347,2534822,6041.41,773.77,43315.73,Domain-spesifik,ya,tidak
keluhan,7345,161949,2418.61,49.44,42443.67,Domain-spesifik,ya,ya
daya,12193,1035080,4014.98,315.96,39404.94,Domain-spesifik,ya,ya
semakin,15996,2087358,5267.26,637.17,39357.8,Domain-spesifik,ya,tidak
banget,10101,610877,3326.12,186.47,38990.2,Domain-spesifik,ya,tidak
semoga,12367,1142284,4072.28,348.69,38063.18,Domain-spesifik,ya,tidak
petugasnya,3476,5093,1144.6,1.55,36993.24,Domain-spesifik,ya,tidak
memuaskan,6506,211092,2142.33,64.44,32786.38,Domain-spesifik,ya,tidak
fitur,9924,830379,3267.83,253.48,32334.7,Domain-spesifik,ya,tidak
kwh,3429,10621,1129.12,3.24,32303.64,Domain-spesifik,ya,ya
pemadaman,3420,18918,1126.16,5.77,28685.1,Domain-spesifik,ya,ya
pembelian,6688,331355,2202.26,101.15,28323.29,Domain-spesifik,ya,tidak
pasang,7020,389816,2311.59,118.99,28221.16,Domain-spesifik,ya,tidak
layanan,9904,1065312,3261.25,325.19,27759.18,Domain-spesifik,ya,tidak
penanganan,5357,166365,1763.98,50.78,27444.22,Domain-spesifik,ya,tidak
dalam,2873,24238174,946.04,7398.81,27358.33,Indo4B,ya,tidak
beli,8483,741165,2793.33,226.24,26968.47,Domain-spesifik,ya,tidak
meteran,2948,12089,970.74,3.69,26319.86,Domain-spesifik,ya,ya
terbaik,12915,2230955,4252.73,681.01,25567.54,Domain-spesifik,ya,tidak
fast,3640,45552,1198.6,13.9,24972.27,Domain-spesifik,ya,tidak
bermanfaat,8322,811629,2740.32,247.75,24792.6,Domain-spesifik,ya,tidak
pakai,7060,536803,2324.76,163.86,24246.62,Domain-spesifik,ya,tidak
iconnet,1733,0,570.65,0.0,24208.15,Domain-spesifik,ya,ya
responnya,2451,6477,807.08,1.98,23755.65,Domain-spesifik,ya,tidak
ada,657,15717753,216.34,4797.91,23742.8,Indo4B,ya,tidak
terus,11716,2015252,3857.91,615.16,23277.33,Domain-spesifik,ya,tidak
terbantu,3089,27834,1017.16,8.5,23111.02,Domain-spesifik,ya,tidak
keren,5533,287829,1821.94,87.86,22922.97,Domain-spesifik,ya,tidak
rumit,4324,125230,1423.83,38.23,22729.18,Domain-spesifik,ya,tidak
membatu,2488,9087,819.26,2.77,22723.43,Domain-spesifik,ya,tidak
baik,21591,7029809,7109.61,2145.88,21546.91,Domain-spesifik,ya,tidak
buat,10313,1672049,3395.93,510.4,21517.33,Domain-spesifik,ya,tidak
transaksi,6347,500636,2089.98,152.82,21368.33,Domain-spesifik,ya,ya
urusan,5246,288828,1727.43,88.17,21173.76,Domain-spesifik,ya,tidak
mantapp,1660,560,546.61,0.17,20681.76,Domain-spesifik,ya,tidak
pelaporan,3260,57073,1073.47,17.42,20277.53,Domain-spesifik,ya,tidak
dapat,820,14197810,270.01,4333.94,20120.31,Indo4B,ya,tidak
juga,1598,16201897,526.2,4945.7,19670.88,Indo4B,ya,tidak
kendala,3892,146737,1281.58,44.79,18498.93,Domain-spesifik,ya,tidak
alhamdulillah,4138,181670,1362.59,55.46,18470.88,Domain-spesifik,ya,tidak
fiturnya,2321,17102,764.27,5.22,18238.94,Domain-spesifik,ya,tidak
mohon,5177,376274,1704.71,114.86,18211.34,Domain-spesifik,ya,tidak
swacam,1239,0,407.99,0.0,17307.5,Domain-spesifik,ya,ya
langsung,11413,2677547,3758.14,817.33,16932.65,Domain-spesifik,ya,tidak
udah,5827,596741,1918.75,182.16,16845.95,Domain-spesifik,ya,tidak
pulsa,4472,288497,1472.57,88.06,16722.41,Domain-spesifik,ya,tidak
berguna,4861,368472,1600.66,112.48,16721.96,Domain-spesifik,ya,tidak
praktis,4294,262672,1413.95,80.18,16483.19,Domain-spesifik,ya,tidak
sigap,2093,16233,689.2,4.96,16247.29,Domain-spesifik,ya,tidak
cek,4482,318719,1475.86,97.29,15947.99,Domain-spesifik,ya,tidak
puas,4268,278396,1405.39,84.98,15871.65,Domain-spesifik,ya,tidak
mantab,1984,14212,653.3,4.34,15694.9,Domain-spesifik,ya,tidak
lewat,5975,722211,1967.48,220.46,15506.36,Domain-spesifik,ya,tidak
gerak,3554,171121,1170.28,52.24,15242.87,Domain-spesifik,ya,tidak
update,4072,263043,1340.85,80.29,15216.54,Domain-spesifik,ya,tidak
jaya,3694,208727,1216.38,63.71,14729.49,Domain-spesifik,ya,tidak
good,2721,74013,895.99,22.59,14629.54,Domain-spesifik,ya,tidak
bisa,36915,19747703,12155.59,6028.07,14547.04,Domain-spesifik,ya,tidak
adanya,8432,1734158,2776.54,529.36,14273.0,Domain-spesifik,ya,tidak
nyala,2195,35441,722.78,10.82,13992.64,Domain-spesifik,ya,tidak
tingkatkan,2282,43432,751.43,13.26,13829.52,Domain-spesifik,ya,tidak
tidak,45193,26769589,14881.42,8171.53,13412.87,Domain-spesifik,ya,tidak
lebih,26076,12527183,8586.46,3823.98,13242.73,Domain-spesifik,ya,tidak
masalah,9405,2318693,3096.93,707.79,13230.21,Domain-spesifik,ya,tidak
melapor,1956,27360,644.08,8.35,13004.74,Domain-spesifik,ya,tidak
best,2969,139012,977.65,42.43,12890.85,Domain-spesifik,ya,tidak
cepet,1956,32415,644.08,9.89,12371.77,Domain-spesifik,ya,tidak
app,2307,63688,759.66,19.44,12338.29,Domain-spesifik,ya,tidak
error,2450,81733,806.75,24.95,12216.51,Domain-spesifik,ya,tidak
mau,9099,2396089,2996.17,731.42,11885.88,Domain-spesifik,ya,tidak
lamban,1603,15675,527.85,4.78,11746.34,Domain-spesifik,ya,tidak
pokoknya,2460,92724,810.04,28.3,11693.73,Domain-spesifik,ya,tidak
mati,5102,765563,1680.02,233.69,11318.23,Domain-spesifik,ya,tidak
ganguan,1220,4140,401.73,1.26,11299.83,Domain-spesifik,ya,tidak
teratasi,1739,26764,572.63,8.17,11244.97,Domain-spesifik,ya,tidak
baru,12902,4679816,4248.45,1428.53,10980.82,Domain-spesifik,ya,tidak
selalu,9087,2558541,2992.22,781.01,10963.16,Domain-spesifik,ya,tidak
sukses,4616,647660,1519.98,197.7,10774.47,Domain-spesifik,ya,tidak
meter,3751,407790,1235.15,124.48,10441.9,Domain-spesifik,ya,ya
direspon,1312,9272,432.02,2.83,10411.86,Domain-spesifik,ya,tidak
perbaiki,1801,40117,593.04,12.25,10372.05,Domain-spesifik,ya,tidak
gampang,3243,286581,1067.87,87.48,10242.6,Domain-spesifik,ya,tidak
orang,2300,11884743,757.36,3627.87,10222.17,Indo4B,ya,tidak
maju,3447,341550,1135.05,104.26,10170.42,Domain-spesifik,ya,tidak
lampu,3372,328870,1110.35,100.39,10045.64,Domain-spesifik,ya,tidak
admin,3281,311250,1080.39,95.01,9939.22,Domain-spesifik,ya,tidak
responsif,1577,26660,519.28,8.14,9914.53,Domain-spesifik,ya,tidak
genggaman,1443,18642,475.16,5.69,9812.4,Domain-spesifik,ya,tidak
tahun,1011,8603803,332.91,2626.35,9747.73,Indo4B,ya,tidak
padahal,4444,679211,1463.35,207.33,9718.49,Domain-spesifik,ya,tidak
pelayananya,866,865,285.16,0.26,9699.02,Domain-spesifik,ya,tidak
semua,13875,5671046,4568.84,1731.11,9682.53,Domain-spesifik,ya,tidak
lengkap,4913,866023,1617.78,264.36,9560.08,Domain-spesifik,ya,tidak
pemasangan,2536,165942,835.07,50.65,9415.87,Domain-spesifik,ya,tidak
aplikasih,704,73,231.82,0.02,9350.06,Domain-spesifik,ya,tidak
top,2577,188909,848.57,57.67,9024.44,Domain-spesifik,ya,tidak
baguss,796,726,262.11,0.22,9013.89,Domain-spesifik,ya,tidak
trima,1200,11028,395.14,3.37,8933.59,Domain-spesifik,ya,tidak
melaporkan,2316,141925,762.63,43.32,8882.66,Domain-spesifik,ya,tidak
promo,3261,367142,1073.8,112.07,8874.1,Domain-spesifik,ya,ya
ulp,1147,9324,377.69,2.85,8803.05,Domain-spesifik,ya,ya
kedepannya,1854,71169,610.5,21.72,8748.68,Domain-spesifik,ya,tidak
oke,2989,304130,984.24,92.84,8676.05,Domain-spesifik,ya,tidak
mantul,735,591,242.03,0.18,8445.7,Domain-spesifik,ya,tidak
terimakasi,825,1695,271.66,0.52,8340.67,Domain-spesifik,ya,tidak
tanggapi,960,4658,316.11,1.42,8280.83,Domain-spesifik,ya,tidak
bintang,3427,459082,1128.46,140.14,8274.99,Domain-spesifik,ya,tidak
chat,1864,91467,613.79,27.92,7927.8,Domain-spesifik,ya,tidak
menjadi,2732,11109137,899.61,3391.11,7877.14,Indo4B,ya,tidak
justru,3481,513744,1146.24,156.82,7821.31,Domain-spesifik,ya,tidak
pengajuan,1625,59531,535.09,18.17,7812.65,Domain-spesifik,ya,tidak
ditanggapi,1147,16798,377.69,5.13,7525.55,Domain-spesifik,ya,tidak
kemudahan,2413,224394,794.57,68.5,7397.0,Domain-spesifik,ya,tidak
via,2528,255678,832.43,78.05,7365.37,Domain-spesifik,ya,tidak
catat,1290,30267,424.78,9.24,7300.82,Domain-spesifik,ya,tidak
saldo,1776,95341,584.81,29.1,7252.66,Domain-spesifik,ya,tidak
memudah,685,1044,225.56,0.32,7248.83,Domain-spesifik,ya,tidak
mantaap,601,348,197.9,0.11,7148.65,Domain-spesifik,ya,tidak
kantor,4242,881665,1396.83,269.13,7108.47,Domain-spesifik,ya,tidak
penanganannya,1016,12445,334.55,3.8,7011.65,Domain-spesifik,ya,tidak
spklu,491,0,161.68,0.0,6858.74,Domain-spesifik,ya,ya
kak,1841,123669,606.22,37.75,6745.43,Domain-spesifik,ya,tidak
isi,3385,582197,1114.63,177.72,6725.82,Domain-spesifik,ya,tidak
sngat,740,3020,243.67,0.92,6613.09,Domain-spesifik,ya,tidak
tangani,1207,31331,397.45,9.56,6597.52,Domain-spesifik,ya,tidak
permohonan,1795,120701,591.07,36.84,6573.5,Domain-spesifik,ya,tidak
dirumah,1728,107830,569.01,32.92,6568.9,Domain-spesifik,ya,tidak
jam,5876,1783375,1934.88,544.38,6447.76,Domain-spesifik,ya,tidak
bertransaksi,1270,42105,418.19,12.85,6347.72,Domain-spesifik,ya,tidak
terimah,750,4054,246.96,1.24,6322.22,Domain-spesifik,ya,tidak
gagal,2665,366251,877.55,111.8,6316.37,Domain-spesifik,ya,tidak
lanjuti,935,12483,307.88,3.81,6299.48,Domain-spesifik,ya,tidak
nunggu,1227,38630,404.03,11.79,6253.93,Domain-spesifik,ya,tidak
ditangani,1644,104785,541.35,31.99,6184.53,Domain-spesifik,ya,tidak
pengaduannya,552,629,181.77,0.19,6079.82,Domain-spesifik,ya,tidak
sat,1070,25103,352.34,7.66,6055.89,Domain-spesifik,ya,tidak
komplain,1004,19581,330.6,5.98,6037.57,Domain-spesifik,ya,tidak
listriknya,852,9789,280.55,2.99,5983.38,Domain-spesifik,ya,tidak
login,1719,127969,566.04,39.06,5970.81,Domain-spesifik,ya,ya
sudah,3175,10453871,1045.48,3191.09,5941.95,Indo4B,ya,tidak
bangett,619,1797,203.83,0.55,5900.43,Domain-spesifik,ya,tidak
tokennya,508,507,167.28,0.15,5690.07,Domain-spesifik,ya,tidak
pengecekan,1221,48579,402.06,14.83,5678.49,Domain-spesifik,ya,tidak
saya,4473,12452446,1472.9,3801.16,5655.8,Indo4B,ya,tidak
pertahankan,944,18794,310.85,5.74,5639.53,Domain-spesifik,ya,tidak
satu,2595,9132752,854.5,2787.81,5601.52,Indo4B,ya,tidak
proses,6560,2380559,2160.12,726.68,5579.11,Domain-spesifik,ya,tidak
diperbaiki,1354,73439,445.85,22.42,5503.11,Domain-spesifik,ya,tidak
datang,5393,1742906,1775.84,532.03,5437.92,Domain-spesifik,ya,tidak
jos,798,10469,262.77,3.2,5403.06,Domain-spesifik,ya,tidak
susah,2419,364215,796.54,111.18,5352.14,Domain-spesifik,ya,tidak
karna,1926,218433,634.2,66.68,5216.07,Domain-spesifik,ya,tidak
pokonya,646,4264,212.72,1.3,5208.34,Domain-spesifik,ya,tidak
gunakan,3503,822910,1153.49,251.2,5189.91,Domain-spesifik,ya,tidak
job,1262,66796,415.56,20.39,5187.26,Domain-spesifik,ya,tidak
salah,943,5492155,310.52,1676.5,5113.3,Indo4B,ya,tidak
pascabayar,575,2485,189.34,0.76,5079.7,Domain-spesifik,ya,ya
mulu,738,10133,243.01,3.09,4932.81,Domain-spesifik,ya,tidak
layanannya,773,12537,254.54,3.83,4921.1,Domain-spesifik,ya,tidak
pelangan,527,1729,173.53,0.53,4912.16,Domain-spesifik,ya,tidak
upgrade,1162,59779,382.63,18.25,4838.48,Domain-spesifik,ya,tidak
beberapa,1399,6255204,460.67,1909.43,4817.89,Indo4B,ya,tidak
pelayan,1272,81370,418.85,24.84,4776.48,Domain-spesifik,ya,tidak
melayani,2354,395060,775.14,120.59,4774.26,Domain-spesifik,ya,tidak
menyala,1228,73838,404.36,22.54,4753.4,Domain-spesifik,ya,tidak
pemakaian,1784,217387,587.45,66.36,4604.36,Domain-spesifik,ya,tidak
sampe,1402,117395,461.66,35.84,4566.2,Domain-spesifik,ya,tidak
repot,1461,133222,481.09,40.67,4530.84,Domain-spesifik,ya,tidak
bikin,2270,395340,747.48,120.68,4462.84,Domain-spesifik,ya,tidak
digunakan,5930,2323762,1952.67,709.34,4451.87,Domain-spesifik,ya,tidak
suruh,972,40725,320.07,12.43,4424.94,Domain-spesifik,ya,tidak
terimaksih,555,3890,182.75,1.19,4412.91,Domain-spesifik,ya,tidak
permudah,493,2009,162.34,0.61,4407.04,Domain-spesifik,ya,tidak
rumah,8961,4371471,2950.73,1334.41,4399.62,Domain-spesifik,ya,tidak
info,3020,722863,994.44,220.66,4386.26,Domain-spesifik,ya,tidak
penangan,545,3816,179.46,1.16,4334.43,Domain-spesifik,ya,tidak
kalo,2922,701578,962.17,214.16,4229.86,Domain-spesifik,ya,tidak
indonesia,2016,6941952,663.84,2119.06,4155.94,Indo4B,ya,tidak
harga,871,4681587,286.81,1429.07,4137.67,Indo4B,ya,tidak
lambat,1618,200306,532.78,61.14,4130.72,Domain-spesifik,ya,tidak
lama,5382,2095772,1772.22,639.74,4083.65,Domain-spesifik,ya,tidak
skrg,778,23378,256.18,7.14,4034.75,Domain-spesifik,ya,tidak
masyarakat,7100,3236363,2337.93,987.91,4027.4,Domain-spesifik,ya,tidak
lancar,1734,252092,570.98,76.95,3940.96,Domain-spesifik,ya,tidak
min,1299,125641,427.74,38.35,3889.46,Domain-spesifik,ya,tidak
jdi,598,9071,196.91,2.77,3883.42,Domain-spesifik,ya,tidak
adminnya,481,3284,158.39,1.0,3847.94,Domain-spesifik,ya,tidak
prabayar,652,13534,214.69,4.13,3842.98,Domain-spesifik,ya,ya
smoga,642,13155,211.4,4.02,3799.96,Domain-spesifik,ya,tidak
ditingkatkan,1081,79555,355.96,24.28,3777.73,Domain-spesifik,ya,tidak
simpel,1043,72999,343.45,22.28,3741.99,Domain-spesifik,ya,tidak
mcb,502,4591,165.3,1.4,3741.81,Domain-spesifik,ya,ya
teknisi,911,48367,299.98,14.76,3739.23,Domain-spesifik,ya,ya
pengisian,1111,90987,365.84,27.77,3663.66,Domain-spesifik,ya,tidak
akses,2171,448521,714.88,136.91,3659.04,Domain-spesifik,ya,tidak
aduan,853,43484,280.88,13.27,3566.5,Domain-spesifik,ya,tidak
bantuannya,798,35174,262.77,10.74,3556.04,Domain-spesifik,ya,tidak
penyambungan,535,7900,176.17,2.41,3501.76,Domain-spesifik,ya,tidak
nomor,3551,1166836,1169.29,356.18,3498.39,Domain-spesifik,ya,tidak
selesai,2592,664077,853.51,202.71,3493.71,Domain-spesifik,ya,tidak
friendly,748,30818,246.31,9.41,3429.06,Domain-spesifik,ya,tidak
informatif,645,18169,212.39,5.55,3424.69,Domain-spesifik,ya,tidak
tindak,1377,179484,453.43,54.79,3390.82,Domain-spesifik,ya,tidak
periksa,1072,97071,352.99,29.63,3338.1,Domain-spesifik,ya,tidak
migrasi,697,25980,229.51,7.93,3328.05,Domain-spesifik,ya,ya
verifikasi,1103,107435,363.2,32.79,3288.59,Domain-spesifik,ya,ya
krn,903,63653,297.35,19.43,3227.76,Domain-spesifik,ya,tidak
mungkin,680,3638330,223.91,1110.62,3205.7,Indo4B,ya,tidak
tempat,908,4107331,298.99,1253.78,3193.86,Indo4B,ya,tidak
akurat,1443,218724,475.16,66.77,3176.14,Domain-spesifik,ya,tidak
kedepan,1028,96658,338.51,29.51,3130.72,Domain-spesifik,ya,tidak
perbaikan,1522,253694,501.17,77.44,3104.31,Domain-spesifik,ya,tidak
dah,1345,192518,442.89,58.77,3092.99,Domain-spesifik,ya,tidak
cara,2045,6121415,673.39,1868.59,3082.87,Indo4B,ya,tidak
merespon,834,55149,274.62,16.83,3080.21,Domain-spesifik,ya,tidak
pas,1850,391501,609.18,119.51,3046.54,Domain-spesifik,ya,tidak
download,2314,606320,761.97,185.08,3040.2,Domain-spesifik,ya,tidak
lapangan,1867,406600,614.78,124.12,2988.95,Domain-spesifik,ya,tidak
notifikasi,792,51011,260.79,15.57,2963.96,Domain-spesifik,ya,tidak
tanggapan,990,97056,325.99,29.63,2940.07,Domain-spesifik,ya,tidak
simple,1024,107867,337.19,32.93,2908.48,Domain-spesifik,ya,tidak
telpon,860,69297,283.19,21.15,2861.6,Domain-spesifik,ya,tidak
biar,1611,316398,530.48,96.58,2847.46,Domain-spesifik,ya,tidak
terselesaikan,621,26029,204.49,7.95,2826.58,Domain-spesifik,ya,tidak
menerangi,533,15212,175.51,4.64,2816.66,Domain-spesifik,ya,tidak
dilakukan,864,3732744,284.5,1139.44,2793.17,Indo4B,ya,tidak
bantu,1282,197349,422.14,60.24,2787.86,Domain-spesifik,ya,tidak
prosesnya,821,64447,270.34,19.67,2771.34,Domain-spesifik,ya,tidak
kota,871,3698141,286.81,1128.87,2725.9,Indo4B,ya,tidak
buka,1760,398100,579.54,121.52,2712.0,Domain-spesifik,ya,tidak
sopan,933,94849,307.22,28.95,2709.66,Domain-spesifik,ya,tidak
segala,3150,1143361,1037.25,349.02,2678.05,Domain-spesifik,ya,tidak
terpotong,495,13413,163.0,4.09,2665.0,Domain-spesifik,ya,tidak
pak,2444,753538,804.77,230.02,2626.75,Domain-spesifik,ya,tidak
lbh,600,28062,197.57,8.57,2606.33,Domain-spesifik,ya,tidak
slalu,504,15557,165.96,4.75,2587.89,Domain-spesifik,ya,tidak
tau,1951,509267,642.44,155.46,2574.49,Domain-spesifik,ya,tidak
status,1596,345840,525.54,105.57,2567.86,Domain-spesifik,ya,tidak
kasi,614,31315,202.18,9.56,2566.67,Domain-spesifik,ya,tidak
menangani,1159,174403,381.64,53.24,2565.49,Domain-spesifik,ya,tidak
pahami,784,65110,258.16,19.88,2565.24,Domain-spesifik,ya,tidak
dateng,540,20400,177.81,6.23,2564.6,Domain-spesifik,ya,tidak
permasalahan,1664,376466,547.93,114.92,2563.51,Domain-spesifik,ya,tidak
masukin,509,16573,167.61,5.06,2561.64,Domain-spesifik,ya,tidak
menu,2051,561569,675.37,171.42,2559.38,Domain-spesifik,ya,tidak
percuma,631,34496,207.78,10.53,2555.22,Domain-spesifik,ya,tidak
solusi,1844,462743,607.2,141.25,2543.84,Domain-spesifik,ya,tidak
kecewa,1122,164990,369.46,50.36,2527.99,Domain-spesifik,ya,tidak
maaf,1847,469046,608.19,143.18,2514.38,Domain-spesifik,ya,tidak
atas,7321,4132095,2410.7,1261.34,2500.38,Domain-spesifik,ya,tidak
belum,5957,3113365,1961.56,950.37,2488.68,Domain-spesifik,ya,tidak
konsumen,2029,563813,668.12,172.11,2487.41,Domain-spesifik,ya,tidak
pemberitahuan,906,102490,298.33,31.29,2457.79,Domain-spesifik,ya,tidak
riwayat,1063,152036,350.03,46.41,2445.92,Domain-spesifik,ya,tidak
bener,1053,153103,346.74,46.74,2393.02,Domain-spesifik,ya,tidak
beres,667,47620,219.63,14.54,2368.42,Domain-spesifik,ya,tidak
instal,629,40385,207.12,12.33,2357.65,Domain-spesifik,ya,tidak
terkait,2540,870279,836.39,265.66,2356.27,Domain-spesifik,ya,tidak
mimin,501,19451,164.97,5.94,2353.32,Domain-spesifik,ya,tidak
mengajukan,1128,184408,371.43,56.29,2337.64,Domain-spesifik,ya,tidak
cuma,2206,702306,726.4,214.38,2270.84,Domain-spesifik,ya,tidak
biasa,3904,1760567,1285.53,537.42,2262.95,Domain-spesifik,ya,tidak
berbagai,947,3496007,311.83,1067.17,2256.04,Indo4B,ya,tidak
jadi,1599,4650668,526.53,1419.64,2250.99,Indo4B,ya,tidak
siaga,593,37614,195.27,11.48,2236.15,Domain-spesifik,ya,tidak
call,853,102067,280.88,31.16,2228.96,Domain-spesifik,ya,tidak
dipahami,1007,153750,331.59,46.93,2203.95,Domain-spesifik,ya,tidak
smua,488,20948,160.69,6.39,2199.12,Domain-spesifik,ya,tidak
terdepan,602,41253,198.23,12.59,2183.43,Domain-spesifik,ya,tidak
lagi,1900,5068614,625.64,1547.22,2155.21,Indo4B,ya,tidak
subsidi,648,53837,213.38,16.43,2119.77,Domain-spesifik,ya,tidak
membuat,2355,5764305,775.47,1759.58,2116.49,Indo4B,ya,tidak
pertama,674,2865227,221.94,874.62,2114.23,Indo4B,ya,tidak
bulanan,781,89309,257.17,27.26,2103.67,Domain-spesifik,ya,tidak
ubah,784,91140,258.16,27.82,2088.81,Domain-spesifik,ya,tidak
atasi,599,48508,197.24,14.81,1987.64,Domain-spesifik,ya,tidak
sendiri,1501,4238284,494.26,1293.75,1965.89,Indo4B,ya,tidak
minta,1542,416984,507.76,127.29,1952.84,Domain-spesifik,ya,tidak
telepon,1450,373532,477.46,114.02,1942.37,Domain-spesifik,ya,tidak
set,1111,221371,365.84,67.57,1937.6,Domain-spesifik,ya,tidak
user,964,163685,317.43,49.97,1936.19,Domain-spesifik,ya,tidak
mandiri,1446,375957,476.15,114.76,1916.76,Domain-spesifik,ya,tidak
biaya,3264,1469743,1074.79,448.65,1897.67,Domain-spesifik,ya,tidak
membayar,1458,386532,480.1,117.99,1889.8,Domain-spesifik,ya,tidak
mengecek,727,88023,239.39,26.87,1884.54,Domain-spesifik,ya,tidak
mending,517,36084,170.24,11.01,1857.52,Domain-spesifik,ya,tidak
online,1582,4272456,520.93,1304.19,1852.31,Indo4B,ya,tidak
jelek,722,88767,237.74,27.1,1852.05,Domain-spesifik,ya,tidak
handal,749,97663,246.64,29.81,1843.92,Domain-spesifik,ya,tidak
semenjak,740,95641,243.67,29.19,1833.21,Domain-spesifik,ya,tidak
informasi,5011,2760077,1650.05,842.53,1829.48,Domain-spesifik,ya,tidak
jgn,482,30653,158.72,9.36,1815.24,Domain-spesifik,ya,tidak
live,1005,194602,330.93,59.4,1799.62,Domain-spesifik,ya,tidak
efisien,948,172249,312.16,52.58,1796.9,Domain-spesifik,ya,tidak
email,1681,525211,553.53,160.32,1774.99,Domain-spesifik,ya,tidak
nih,1174,272640,386.58,83.22,1760.44,Domain-spesifik,ya,tidak
konfirmasi,774,113089,254.87,34.52,1752.45,Domain-spesifik,ya,tidak
ktp,789,118729,259.81,36.24,1746.45,Domain-spesifik,ya,ya
payah,596,60579,196.25,18.49,1731.12,Domain-spesifik,ya,tidak
kan,2454,998052,808.07,304.66,1727.6,Domain-spesifik,ya,tidak
nama,811,2824980,267.05,862.34,1713.14,Indo4B,ya,tidak
bukan,1124,3369706,370.12,1028.62,1700.58,Indo4B,ya,tidak
disuruh,607,66781,199.88,20.39,1676.81,Domain-spesifik,ya,tidak
menunggu,1658,536012,545.96,163.62,1671.03,Domain-spesifik,ya,tidak
sekarang,5177,3009235,1704.71,918.58,1625.44,Domain-spesifik,ya,tidak
bahkan,823,2775167,271.0,847.13,1622.17,Indo4B,ya,tidak
mengakses,915,179953,301.3,54.93,1615.21,Domain-spesifik,ya,tidak
tahu,778,2676619,256.18,817.05,1600.82,Indo4B,ya,tidak
cuman,609,72574,200.54,22.15,1595.77,Domain-spesifik,ya,tidak
yaa,639,84151,210.41,25.69,1562.02,Domain-spesifik,ya,tidak
pengerjaan,595,71011,195.93,21.68,1557.52,Domain-spesifik,ya,tidak
gini,599,72327,197.24,22.08,1555.63,Domain-spesifik,ya,tidak
nomer,574,66189,189.01,20.2,1537.57,Domain-spesifik,ya,tidak
ganti,1048,251081,345.09,76.64,1520.61,Domain-spesifik,ya,tidak
estimasi,491,46956,161.68,14.33,1480.21,Domain-spesifik,ya,tidak
tetep,526,56232,173.2,17.17,1480.08,Domain-spesifik,ya,tidak
luar,3849,2080997,1267.42,635.23,1475.85,Domain-spesifik,ya,tidak
mengecewakan,528,58747,173.86,17.93,1447.97,Domain-spesifik,ya,tidak
emang,790,152673,260.14,46.6,1417.15,Domain-spesifik,ya,tidak
pengguna,2020,831241,665.16,253.74,1392.68,Domain-spesifik,ya,tidak
melihat,884,2673480,291.09,816.09,1365.15,Indo4B,ya,tidak
solusinya,604,90224,198.89,27.54,1344.57,Domain-spesifik,ya,tidak
perlu,4869,2960569,1603.29,903.73,1332.17,Domain-spesifik,ya,tidak
mulai,1169,3114507,384.94,950.72,1321.58,Indo4B,ya,tidak
bermasalah,613,95503,201.85,29.15,1320.49,Domain-spesifik,ya,tidak
parah,938,231374,308.87,70.63,1318.75,Domain-spesifik,ya,tidak
jaringan,1961,819722,645.73,250.22,1314.2,Domain-spesifik,ya,ya
selama,948,2731108,312.16,833.68,1304.17,Indo4B,ya,tidak
rating,481,55559,158.39,16.96,1287.0,Domain-spesifik,ya,tidak
penambahan,673,129463,221.61,39.52,1212.35,Domain-spesifik,ya,tidak
diakses,823,196870,271.0,60.1,1196.12,Domain-spesifik,ya,tidak
semangat,1333,471264,438.94,143.86,1180.1,Domain-spesifik,ya,tidak
lumayan,956,268864,314.8,82.07,1155.0,Domain-spesifik,ya,tidak
the,2989,1622772,984.24,495.36,1133.73,Domain-spesifik,ya,tidak
habis,1102,351325,362.87,107.24,1132.23,Domain-spesifik,ya,tidak
bumn,755,176306,248.61,53.82,1125.62,Domain-spesifik,ya,tidak
sedang,943,2560620,310.52,781.64,1119.61,Indo4B,ya,tidak
mengatasi,1552,627156,511.05,191.44,1105.04,Domain-spesifik,ya,tidak
customer,748,176888,246.31,54.0,1100.46,Domain-spesifik,ya,tidak
paling,1182,2906593,389.22,887.25,1076.23,Indo4B,ya,tidak
coba,1768,784102,582.18,239.35,1059.34,Domain-spesifik,ya,tidak
canggih,806,213268,265.4,65.1,1047.04,Domain-spesifik,ya,tidak
wifi,625,130033,205.8,39.69,1046.31,Domain-spesifik,ya,tidak
benar,1665,3608769,548.26,1101.59,1036.47,Indo4B,ya,tidak
menanggapi,520,90573,171.23,27.65,1022.22,Domain-spesifik,ya,tidak
center,741,187197,244.0,57.14,1014.66,Domain-spesifik,ya,tidak
tiap,1499,623483,493.6,190.32,1013.74,Domain-spesifik,ya,tidak
serba,591,120247,194.61,36.71,1010.67,Domain-spesifik,ya,tidak
berkali,504,86027,165.96,26.26,1007.86,Domain-spesifik,ya,tidak
kabel,829,232375,272.98,70.93,1005.62,Domain-spesifik,ya,ya
loading,484,79917,159.37,24.4,994.89,Domain-spesifik,ya,tidak
menit,1851,874703,609.51,267.01,974.05,Domain-spesifik,ya,tidak
diskon,965,314796,317.76,96.09,960.46,Domain-spesifik,ya,ya
hidup,1057,2582471,348.06,788.31,945.05,Indo4B,ya,tidak
instalasi,526,108119,173.2,33.0,890.84,Domain-spesifik,ya,tidak
akun,1570,717402,516.98,218.99,886.13,Domain-spesifik,ya,tidak
masuk,3258,1993454,1072.81,608.51,873.68,Domain-spesifik,ya,tidak
kapan,1144,445541,376.7,136.0,867.82,Domain-spesifik,ya,tidak
usah,647,167993,213.05,51.28,858.95,Domain-spesifik,ya,tidak
rekening,823,260293,271.0,79.46,854.82,Domain-spesifik,ya,tidak
sejak,577,1704027,190.0,520.16,842.52,Indo4B,ya,tidak
murah,2782,1648810,916.07,503.31,824.27,Domain-spesifik,ya,tidak
kirim,803,257751,264.42,78.68,817.35,Domain-spesifik,ya,tidak
kalau,1665,3355941,548.26,1024.42,809.75,Indo4B,ya,tidak
hebat,935,335415,307.88,102.39,809.51,Domain-spesifik,ya,tidak
dulu,2324,1307149,765.26,399.01,801.44,Domain-spesifik,ya,tidak
perihal,480,100178,158.06,30.58,801.16,Domain-spesifik,ya,tidak
dibantu,505,111181,166.29,33.94,799.76,Domain-spesifik,ya,tidak
lainnya,1846,3596999,607.86,1098.0,793.29,Indo4B,ya,tidak
keluar,2133,1170834,702.37,357.4,785.92,Domain-spesifik,ya,tidak
mengisi,918,335568,302.28,102.43,771.89,Domain-spesifik,ya,tidak
depok,639,181395,210.41,55.37,763.23,Domain-spesifik,ya,tidak
lokasi,1941,1041184,639.14,317.83,759.55,Domain-spesifik,ya,tidak
saran,788,262986,259.48,80.28,759.39,Domain-spesifik,ya,tidak
uang,857,2086842,282.2,637.02,759.01,Indo4B,ya,tidak
menghubungi,754,246415,248.28,75.22,748.53,Domain-spesifik,ya,tidak
melakukan,6046,4505697,1990.86,1375.38,733.01,Domain-spesifik,ya,tidak
sedikit,601,1646894,197.9,502.72,730.29,Indo4B,ya,tidak
sering,3398,2226295,1118.91,679.59,719.52,Domain-spesifik,ya,tidak
seluruh,713,1815539,234.78,554.2,714.8,Indo4B,ya,tidak
keperluan,701,226137,230.83,69.03,708.62,Domain-spesifik,ya,tidak
apa,4017,6403851,1322.74,1954.8,700.46,Indo4B,ya,tidak
bekerja,564,1552605,185.72,473.94,693.32,Indo4B,ya,tidak
masukan,599,176623,197.24,53.91,682.23,Domain-spesifik,ya,tidak
penting,843,1988901,277.59,607.12,681.55,Indo4B,ya,tidak
kakak,634,198122,208.77,60.48,669.29,Domain-spesifik,ya,tidak
super,870,337821,286.48,103.12,663.28,Domain-spesifik,ya,tidak
hemat,659,214290,217.0,65.41,658.83,Domain-spesifik,ya,tidak
kalian,615,1597990,202.51,487.79,650.97,Indo4B,ya,tidak
kode,1127,518580,371.11,158.3,627.07,Domain-spesifik,ya,tidak
daftar,2304,1416533,758.67,432.4,608.3,Domain-spesifik,ya,tidak
team,510,146619,167.94,44.76,599.69,Domain-spesifik,ya,tidak
waktu,2790,4627256,918.71,1412.49,598.43,Indo4B,ya,tidak
pihak,2308,1427171,759.99,435.65,598.01,Domain-spesifik,ya,tidak
aman,1753,990786,577.24,302.44,596.41,Domain-spesifik,ya,tidak
akhirnya,680,1647849,223.91,503.01,594.02,Indo4B,ya,tidak
normal,988,442344,325.33,135.03,581.02,Domain-spesifik,ya,tidak
kondisi,590,1491770,194.28,455.37,580.24,Indo4B,ya,tidak
soalnya,560,178825,184.4,54.59,574.07,Domain-spesifik,ya,tidak
desa,643,1567170,211.73,478.39,570.95,Indo4B,ya,tidak
mendapatkan,1720,3131837,566.37,956.01,565.21,Indo4B,ya,tidak
muncul,1670,946592,549.91,288.95,563.62,Domain-spesifik,ya,tidak
hati,796,1779193,262.11,543.11,546.45,Indo4B,ya,tidak
pernah,1535,2840092,505.45,866.95,538.87,Indo4B,ya,tidak
penggunaan,1403,761300,461.99,232.39,532.91,Domain-spesifik,ya,tidak
bapak,1033,493937,340.15,150.78,530.0,Domain-spesifik,ya,tidak
masa,1084,2187419,356.95,667.72,529.37,Indo4B,ya,tidak
jelas,2135,1343882,703.03,410.23,521.21,Domain-spesifik,ya,tidak
malam,2242,1438835,738.26,439.21,511.69,Domain-spesifik,ya,tidak
pokok,720,292542,237.09,89.3,507.75,Domain-spesifik,ya,tidak
rusak,798,343998,262.77,105.01,505.06,Domain-spesifik,ya,tidak
versi,1099,552067,361.89,168.52,504.79,Domain-spesifik,ya,tidak
kinerja,846,378093,278.58,115.41,499.27,Domain-spesifik,ya,tidak
berkat,560,198321,184.4,60.54,494.47,Domain-spesifik,ya,tidak
lakukan,683,1551632,224.9,473.64,493.04,Indo4B,ya,tidak
dibuka,676,271229,222.6,82.79,487.35,Domain-spesifik,ya,tidak
service,671,269900,220.95,82.39,481.63,Domain-spesifik,ya,tidak
buruk,1164,612653,383.29,187.01,477.88,Domain-spesifik,ya,tidak
bila,757,1644438,249.27,501.97,474.68,Indo4B,ya,tidak
tepat,2194,1431253,722.45,436.9,472.05,Domain-spesifik,ya,tidak
naik,1325,749783,436.3,228.87,449.29,Domain-spesifik,ya,tidak
cukup,4218,3230755,1388.93,986.2,442.19,Domain-spesifik,ya,tidak
perubahan,1625,991787,535.09,302.75,439.3,Domain-spesifik,ya,tidak
tarif,593,236146,195.27,72.08,433.11,Domain-spesifik,ya,tidak
kemarin,768,351986,252.89,107.45,430.83,Domain-spesifik,ya,tidak
lihat,622,1385181,204.82,422.83,422.13,Indo4B,ya,tidak
tunggu,812,395214,267.38,120.64,400.71,Domain-spesifik,ya,tidak
terang,639,285130,210.41,87.04,378.29,Domain-spesifik,ya,tidak
mengalami,652,1377276,214.69,420.42,372.9,Indo4B,ya,tidak
tapi,3220,4788686,1060.3,1461.77,370.25,Indo4B,ya,tidak
melalui,3537,2726688,1164.68,832.33,357.68,Domain-spesifik,ya,tidak
klik,1059,603967,348.71,184.36,351.26,Domain-spesifik,ya,tidak
gitu,522,221629,171.89,67.65,339.93,Domain-spesifik,ya,tidak
semuanya,1304,805619,429.39,245.92,338.86,Domain-spesifik,ya,tidak
sebelumnya,1007,1836385,331.59,560.56,333.03,Indo4B,ya,tidak
server,561,250898,184.73,76.59,330.62,Domain-spesifik,ya,ya
kebutuhan,2057,1446309,677.34,441.49,328.01,Domain-spesifik,ya,tidak
membeli,1530,999439,503.81,305.08,327.56,Domain-spesifik,ya,tidak
aceh,823,441418,271.0,134.74,322.15,Domain-spesifik,ya,tidak
katanya,1086,643553,357.6,196.45,321.9,Domain-spesifik,ya,tidak
terjadi,2198,3395200,723.77,1036.4,320.25,Indo4B,ya,tidak
tinggal,1889,1310121,622.02,399.92,319.45,Domain-spesifik,ya,tidak
sesuai,1554,2545400,511.71,776.99,312.88,Indo4B,ya,tidak
warga,508,1091961,167.28,333.33,307.8,Indo4B,ya,tidak
profesional,824,450269,271.33,137.45,307.26,Domain-spesifik,ya,tidak
tim,889,1637297,292.74,499.79,306.28,Indo4B,ya,tidak
awal,698,1364757,229.84,416.6,303.83,Indo4B,ya,tidak
kurang,2220,1614982,731.01,492.98,303.12,Domain-spesifik,ya,tidak
bulan,2855,2191013,940.11,668.82,296.1,Domain-spesifik,ya,tidak
menggunakan,3171,4574170,1044.17,1396.28,295.47,Indo4B,ya,tidak
kerusakan,764,412573,251.57,125.94,293.85,Domain-spesifik,ya,tidak
kualitas,496,1054700,163.33,321.95,290.01,Indo4B,ya,tidak
tampilan,766,419716,252.23,128.12,283.59,Domain-spesifik,ya,tidak
pilihan,681,1304003,224.24,398.05,273.87,Indo4B,ya,tidak
hubungi,528,259676,173.86,79.27,254.56,Domain-spesifik,ya,tidak
nya,1613,2496092,531.14,761.94,237.55,Indo4B,ya,tidak
nyaman,1199,799558,394.81,244.07,237.5,Domain-spesifik,ya,tidak
bantuan,1004,638032,330.6,194.76,237.18,Domain-spesifik,ya,tidak
menyelesaikan,662,372046,217.99,113.57,228.8,Domain-spesifik,ya,tidak
terlalu,810,1413713,266.72,431.54,221.42,Indo4B,ya,tidak
bingung,590,324888,194.28,99.17,215.56,Domain-spesifik,ya,tidak
digital,641,366695,211.07,111.94,210.77,Domain-spesifik,ya,tidak
tiba,1469,1059614,483.72,323.45,208.76,Domain-spesifik,ya,tidak
merasa,1004,1645887,330.6,502.41,203.01,Indo4B,ya,tidak
kok,668,392591,219.96,119.84,203.0,Domain-spesifik,ya,tidak
tengah,855,1444512,281.54,440.94,200.84,Indo4B,ya,tidak
depan,915,1519668,301.3,463.89,197.64,Indo4B,ya,tidak
daerah,1476,2246267,486.03,685.68,196.56,Indo4B,ya,tidak
diberikan,567,1042153,186.71,318.12,193.73,Indo4B,ya,tidak
butuh,759,474114,249.93,144.73,190.15,Domain-spesifik,ya,tidak
terutama,1440,1063555,474.17,324.65,182.64,Domain-spesifik,ya,tidak
suka,1574,1183270,518.3,361.2,182.44,Domain-spesifik,ya,tidak
lanjut,1012,691851,333.24,211.19,181.66,Domain-spesifik,ya,tidak
mana,1323,2004686,435.65,611.94,171.5,Indo4B,ya,tidak
keterangan,560,328313,184.4,100.22,171.43,Domain-spesifik,ya,tidak
balik,643,406230,211.73,124.0,155.01,Domain-spesifik,ya,tidak
sini,780,1271388,256.84,388.1,153.13,Indo4B,ya,tidak
aneh,552,337863,181.77,103.13,147.87,Domain-spesifik,ya,tidak
maupun,1333,1958883,438.94,597.96,141.5,Indo4B,ya,tidak
pengalaman,529,916836,174.19,279.87,140.08,Indo4B,ya,tidak
senang,877,616841,288.78,188.29,139.64,Domain-spesifik,ya,tidak
pekerjaan,715,1162913,235.44,354.98,138.79,Indo4B,ya,tidak
segera,1639,1308454,539.7,399.41,134.53,Domain-spesifik,ya,tidak
ulang,838,590177,275.94,180.15,132.68,Domain-spesifik,ya,tidak
kenapa,486,840864,160.03,256.68,127.68,Indo4B,ya,tidak
mengenai,1121,1657892,369.13,506.08,124.24,Indo4B,ya,tidak
ayo,528,343561,173.86,104.87,114.67,Domain-spesifik,ya,tidak
tetap,2726,2383616,897.63,727.61,112.11,Domain-spesifik,ya,tidak
pagi,1014,770158,333.9,235.09,111.3,Domain-spesifik,ya,tidak
siap,1195,937681,393.5,286.23,109.06,Domain-spesifik,ya,tidak
hujan,606,415122,199.55,126.72,107.89,Domain-spesifik,ya,tidak
tulisan,832,612076,273.97,186.84,107.61,Domain-spesifik,ya,tidak
jangan,1750,2388804,576.25,729.19,104.96,Indo4B,ya,tidak
soal,566,912015,186.38,278.4,104.57,Indo4B,ya,tidak
bank,790,1191028,260.14,363.57,99.21,Indo4B,ya,tidak
punya,1239,1750998,407.99,534.5,99.02,Indo4B,ya,tidak
menarik,1088,1552693,358.26,473.97,93.68,Indo4B,ya,tidak
tindakan,768,572947,252.89,174.89,92.61,Domain-spesifik,ya,tidak
alamat,708,522320,233.13,159.44,90.31,Domain-spesifik,ya,tidak
ataupun,555,863498,182.75,263.59,84.36,Indo4B,ya,tidak
alasan,498,788058,163.98,240.56,83.36,Indo4B,ya,tidak
apapun,883,690223,290.76,210.69,82.43,Domain-spesifik,ya,tidak
data,2091,1837575,688.54,560.93,82.07,Domain-spesifik,ya,tidak
minggu,562,862072,185.06,263.15,78.54,Indo4B,ya,tidak
manfaat,622,934282,204.82,285.19,76.3,Indo4B,ya,tidak
banyak,9723,9587233,3201.65,2926.54,76.11,Domain-spesifik,ya,tidak
berapa,724,558644,238.4,170.53,72.84,Domain-spesifik,ya,tidak
tanya,584,435488,192.3,132.93,70.58,Domain-spesifik,ya,tidak
mengerti,576,431333,189.67,131.67,68.13,Domain-spesifik,ya,tidak
hampir,638,923286,210.08,281.84,60.84,Indo4B,ya,tidak
bagaimana,2557,2360090,841.98,720.43,58.99,Domain-spesifik,ya,tidak
enak,583,452264,191.97,138.06,56.89,Domain-spesifik,ya,tidak
mengetahui,1408,1259011,463.63,384.32,46.56,Domain-spesifik,ya,tidak
sulit,633,882318,208.44,269.33,45.34,Indo4B,ya,tidak
hilang,548,440947,180.45,134.6,42.76,Domain-spesifik,ya,tidak
kaya,523,421852,172.22,128.77,40.17,Domain-spesifik,ya,tidak
sehat,728,982122,239.72,299.8,39.25,Indo4B,ya,tidak
foto,1149,1482511,378.35,452.54,39.11,Indo4B,ya,tidak
apabila,901,1177692,296.69,359.5,35.42,Indo4B,ya,tidak
maksimal,548,459729,180.45,140.33,31.88,Domain-spesifik,ya,tidak
siang,515,430677,169.58,131.47,30.69,Domain-spesifik,ya,tidak
rakyat,499,682598,164.31,208.37,30.49,Indo4B,ya,tidak
sayang,520,439990,171.23,134.31,28.3,Domain-spesifik,ya,tidak
menyediakan,871,785861,286.81,239.89,26.19,Domain-spesifik,ya,tidak
wilayah,1278,1192959,420.83,364.16,25.47,Domain-spesifik,ya,tidak
berfungsi,501,430457,164.97,131.4,24.05,Domain-spesifik,ya,tidak
gratis,1134,1057364,373.41,322.76,22.94,Domain-spesifik,ya,tidak
jauh,1685,1617229,554.85,493.67,22.11,Domain-spesifik,ya,tidak
mahal,520,454661,171.23,138.79,21.4,Domain-spesifik,ya,tidak
memberi,1098,1029057,361.56,314.12,20.71,Domain-spesifik,ya,tidak
berkembang,732,669088,241.04,204.24,19.0,Domain-spesifik,ya,tidak
khususnya,517,671267,170.24,204.91,18.89,Indo4B,ya,tidak
efektif,565,507215,186.05,154.83,17.93,Domain-spesifik,ya,tidak
terpercaya,611,773910,201.19,236.24,16.62,Indo4B,ya,tidak
metode,678,848673,223.26,259.06,15.76,Indo4B,ya,tidak
berkaitan,485,436716,159.7,133.31,14.9,Domain-spesifik,tidak,tidak
kerja,2443,2845900,804.45,868.72,14.8,Indo4B,tidak,tidak
area,593,546523,195.27,166.83,13.94,Domain-spesifik,tidak,tidak
berhasil,992,1201477,326.65,366.76,13.82,Indo4B,tidak,tidak
kadang,714,668794,235.11,204.15,13.57,Domain-spesifik,tidak,tidak
sehari,722,681597,237.74,208.06,12.28,Domain-spesifik,tidak,tidak
baca,570,708054,187.69,216.14,11.89,Indo4B,tidak,tidak
unit,548,513336,180.45,156.7,10.41,Domain-spesifik,tidak,ya
sama,4338,4454236,1428.44,1359.67,10.38,Domain-spesifik,tidak,tidak
tersedia,652,792025,214.69,241.77,9.56,Indo4B,tidak,tidak
dana,847,820733,278.91,250.53,9.4,Domain-spesifik,tidak,ya
tanggal,1540,1560963,507.1,476.49,5.84,Domain-spesifik,tidak,tidak
sungguh,546,535535,179.79,163.47,4.78,Domain-spesifik,tidak,tidak
sistem,1946,2204702,640.79,672.99,4.75,Indo4B,tidak,tidak
hari,4878,5424204,1606.26,1655.76,4.54,Indo4B,tidak,tidak
terbaru,1111,1270447,365.84,387.81,3.85,Indo4B,tidak,tidak
memang,3039,3177588,1000.7,969.97,2.92,Domain-spesifik,tidak,tidak
kali,3068,3406498,1010.25,1039.85,2.58,Indo4B,tidak,tidak
muda,970,1003167,319.41,306.22,1.7,Domain-spesifik,tidak,tidak
mendukung,657,675071,216.34,206.07,1.53,Domain-spesifik,tidak,tidak
ternyata,1195,1334019,393.5,407.22,1.42,Indo4B,tidak,tidak
walaupun,630,653146,207.45,199.38,0.98,Domain-spesifik,tidak,tidak
internet,1038,1148413,341.8,350.56,0.67,Indo4B,tidak,tidak
disini,870,964196,286.48,294.32,0.64,Indo4B,tidak,tidak
dipakai,557,613603,183.41,187.3,0.25,Indo4B,tidak,tidak
turun,561,602049,184.73,183.78,0.01,Domain-spesifik,tidak,tidak
memberikan,3145,3389062,1035.6,1034.53,0.0,Domain-spesifik,tidak,tidak
